date,0.35,0.46,0.66,1,1.3,1.7,2.3,3,4,5.2,6.5,8,10,12,14,16,18,20,22,25,28,31,34,37,Count/s,SamplingPeriod(s),SFR_ml_s
4/4/2019 16:49,7.316,0.655,0.164,0.018,0.018,0.073,0.018,0.018,0,0,0,0,0.018,0,0,0,0,0,0,0,0,0,0,0,8.298,54.95,5.84
4/4/2019 16:50,7.603,1.1,0.133,0.067,0.1,0.033,0.033,0,0,0,0,0,0,0,0,0,0,0,0,0,0,0,0,0,9.07,29.99,5.5
4/4/2019 16:51,8.57,0.967,0.2,0.033,0.1,0.067,0.033,0.033,0,0,0,0,0,0,0.033,0,0,0,0,0,0,0,0,0,10.037,29.99,5.61
4/4/2019 16:52,8.369,0.5,0.167,0.067,0,0.033,0.067,0,0,0,0,0,0,0,0,0,0,0,0,0,0,0,0,0,9.203,29.99,5.56
4/4/2019 16:53,7.503,0.567,0.167,0.033,0.033,0.033,0.067,0,0.033,0,0,0,0,0,0,0,0,0,0,0,0,0,0,0,8.436,29.99,5.33
4/4/2019 16:54,7.169,0.734,0.133,0,0.033,0.033,0,0.033,0,0,0,0,0.033,0,0,0,0,0,0,0,0,0,0,0,8.169,29.99,5.23
4/4/2019 16:55,8.536,0.634,0.4,0.033,0.067,0,0.133,0.033,0,0,0,0,0,0,0,0,0,0,0,0,0,0,0,0,9.837,29.99,5.16
4/4/2019 16:56,8.469,0.7,0.1,0.067,0.067,0.067,0.033,0,0,0,0,0,0,0,0,0.067,0,0,0,0,0,0,0,0,9.57,29.99,5.11
4/4/2019 16:57,10.737,0.9,0.167,0.167,0.133,0.133,0.067,0.067,0.033,0,0.033,0.033,0.033,0,0.033,0.033,0.033,0,0.033,0,0,0,0,0,12.638,29.99,5.07
4/4/2019 16:58,7.102,0.834,0.1,0.067,0.067,0.033,0.067,0.067,0,0,0.067,0.033,0,0,0,0,0,0,0,0,0,0,0,0,8.436,29.99,5.04
4/4/2019 16:59,7.369,0.8,0.3,0.033,0.067,0.133,0.133,0.067,0.033,0.1,0.1,0,0.033,0.033,0.033,0,0,0,0,0,0,0,0,0,9.236,29.99,5.02
4/4/2019 17:00,7.536,0.7,0.233,0.067,0.033,0,0.067,0.033,0.133,0.033,0,0.033,0,0,0,0,0,0,0.033,0,0.033,0,0,0.033,8.97,29.99,5.01
4/4/2019 17:01,8.203,0.5,0.267,0.1,0.133,0.1,0,0.033,0.033,0.033,0,0.067,0,0,0.067,0,0,0,0.033,0,0,0,0,0,9.57,29.99,5.08
4/4/2019 17:02,8.136,0.8,0.267,0.1,0.033,0.067,0,0,0,0,0.067,0,0.033,0.033,0.1,0,0,0,0.033,0,0,0,0,0,9.67,29.99,5.05
4/4/2019 17:03,9.036,1.067,0.3,0.033,0.033,0,0.1,0,0.067,0,0,0.033,0.033,0,0.1,0,0,0.033,0,0,0,0.033,0,0,10.87,29.99,5.16
4/4/2019 17:04,8.77,0.634,0.233,0.033,0.067,0.033,0,0.067,0.033,0.033,0,0,0,0.067,0,0,0.033,0,0,0,0,0,0,0,10.003,29.99,5.11
4/4/2019 17:05,8.036,0.934,0.2,0.033,0.133,0.033,0,0.033,0.033,0.033,0.033,0,0,0,0,0.033,0,0,0.033,0,0,0,0,0,9.57,29.99,5.19
4/4/2019 17:06,9.737,0.534,0.233,0,0.1,0.033,0.067,0,0.033,0,0.033,0.033,0,0,0,0,0.033,0,0,0,0,0,0,0,10.837,29.99,5.15
4/4/2019 17:07,7.302,0.667,0.433,0.067,0.1,0.1,0.033,0,0,0,0.033,0.033,0.033,0,0,0.033,0,0.033,0,0,0,0,0,0,8.87,29.99,5.1
4/4/2019 17:08,8.603,0.667,0.033,0.067,0.167,0,0.067,0.1,0,0,0.033,0,0.033,0,0.033,0,0,0,0,0,0,0,0,0,9.803,29.99,4.97
4/4/2019 17:09,8.77,0.467,0.2,0.067,0.033,0.067,0.067,0.033,0,0.033,0,0,0.033,0,0,0,0,0,0,0,0,0,0,0,9.77,29.99,4.97
4/4/2019 17:10,8.469,0.9,0.233,0,0.033,0.067,0.067,0.033,0.033,0.067,0.033,0,0.033,0,0,0,0,0,0.033,0,0,0,0,0,10.003,29.99,4.97
4/4/2019 17:11,9.203,0.734,0.233,0.067,0.067,0.033,0,0.033,0.033,0.033,0,0,0,0,0,0,0,0,0,0,0,0,0,0,10.437,29.99,4.77
4/4/2019 17:12,8.803,0.6,0.1,0,0.067,0.033,0,0.033,0,0.033,0,0.033,0,0,0,0,0.033,0,0,0.033,0,0,0,0,9.77,29.99,4.82
4/4/2019 17:13,8.303,0.8,0.133,0.033,0.067,0.067,0,0.033,0,0,0,0,0,0,0,0,0.033,0,0,0,0,0,0,0,9.47,29.99,5.08
4/4/2019 17:14,8.636,0.834,0.167,0,0.133,0,0,0,0.033,0,0,0,0.067,0,0,0,0,0,0,0,0,0,0,0,9.87,29.99,5.16
4/4/2019 17:15,7.636,0.667,0.033,0.033,0.067,0,0.033,0,0,0,0,0,0,0,0.067,0,0,0,0,0,0,0,0,0,8.536,29.99,5.32
4/4/2019 17:16,9.436,0.6,0.133,0.067,0.033,0.067,0,0.067,0,0.033,0.033,0,0,0.033,0,0.1,0.033,0.033,0,0,0,0,0,0,10.67,29.99,5.24
4/4/2019 17:17,8.67,0.7,0,0.067,0.033,0.033,0.067,0.033,0.033,0.1,0,0,0,0,0,0,0,0,0,0,0,0,0,0,9.737,29.99,5.27
4/4/2019 17:18,9.203,0.6,0.1,0.2,0.033,0.1,0.033,0,0.033,0.067,0,0,0,0,0,0,0,0,0,0,0,0,0,0,10.37,29.99,5.3
4/4/2019 17:19,8.469,0.667,0.2,0.067,0.067,0.033,0.1,0,0.033,0,0.033,0,0.033,0,0,0.033,0,0,0,0,0,0,0,0,9.737,29.99,5.21
4/4/2019 17:20,10.137,0.967,0.167,0.033,0.2,0.033,0.067,0,0,0,0,0.033,0,0.033,0,0.033,0,0,0,0,0,0,0,0,11.704,29.99,5.27
4/4/2019 17:21,8.97,0.767,0.167,0,0,0.033,0.1,0.033,0.033,0.033,0,0,0.067,0,0.033,0,0,0,0,0,0,0,0,0,10.237,29.99,5.18
4/4/2019 17:22,8.636,0.734,0.133,0.067,0.167,0.067,0,0,0.1,0.033,0,0,0.033,0,0.033,0,0,0,0,0,0,0,0,0,10.003,29.99,5.02
4/4/2019 17:23,8.903,0.8,0.2,0.1,0.1,0.167,0.033,0,0.033,0.033,0,0,0,0,0,0.033,0,0.033,0,0,0,0,0,0,10.437,29.99,5.12
4/4/2019 17:24,8.603,0.667,0.367,0.033,0.033,0.067,0,0.067,0.033,0,0.067,0.067,0.067,0,0.033,0.033,0,0,0,0,0,0,0,0,10.137,29.99,5.18
4/4/2019 17:25,9.103,1.1,0.3,0.033,0.1,0.1,0,0.033,0,0.033,0,0.067,0,0,0,0,0,0,0,0,0,0,0,0,10.87,29.99,5.4
4/4/2019 17:26,9.47,1,0.167,0.033,0.133,0.133,0.033,0,0.033,0,0,0,0,0.033,0,0,0.033,0,0,0,0,0,0,0,11.07,29.99,5.39
4/4/2019 17:28,9.613,0.672,0.286,0.084,0.05,0.067,0.017,0.017,0,0,0.034,0.017,0,0,0,0,0,0,0.017,0,0,0,0,0,10.874,59.5,5.56
4/4/2019 17:29,10.504,0.867,0.167,0.067,0.067,0,0,0,0,0.033,0,0,0,0.033,0,0,0,0,0.033,0,0,0,0,0,11.771,29.99,5.37
4/4/2019 17:30,9.57,0.433,0.233,0.067,0.1,0,0.033,0.033,0.033,0.033,0,0,0,0,0,0,0,0,0,0,0,0,0.033,0,10.57,29.99,5.37
4/4/2019 17:31,9.103,0.7,0.233,0.033,0.067,0,0.067,0.033,0.033,0,0.033,0,0.1,0.067,0.033,0,0,0,0,0,0,0,0,0,10.504,29.99,5.38
4/4/2019 17:32,10.837,0.867,0.2,0.067,0.1,0.1,0.067,0,0,0.033,0.033,0,0,0.033,0,0,0,0,0,0,0,0,0,0.033,12.371,29.99,5.51
4/4/2019 17:33,9.136,0.734,0.367,0,0.133,0.1,0.2,0.033,0,0.033,0,0.033,0.067,0,0,0,0,0,0,0,0,0,0,0.033,10.87,29.99,5.24
4/4/2019 17:34,10.97,0.567,0.167,0.067,0.033,0.067,0.033,0.067,0.067,0,0,0.033,0.1,0.067,0.067,0,0,0,0,0,0,0,0,0,12.304,29.99,5.37
4/4/2019 17:35,8.836,1,0.267,0.033,0.067,0.1,0.133,0.033,0.067,0,0,0.033,0,0,0,0,0,0,0,0,0,0,0,0,10.57,29.99,5.09
4/4/2019 17:36,8.369,0.7,0.133,0.033,0.033,0.1,0,0,0.033,0,0,0,0,0,0.033,0,0.033,0.033,0,0,0,0,0,0,9.503,29.99,5.06
4/4/2019 17:37,8.269,0.667,0.3,0.1,0.1,0.1,0.033,0,0.1,0.067,0,0,0,0.067,0,0.033,0,0,0.033,0,0,0,0,0,9.87,29.99,5.04
4/4/2019 17:38,7.903,0.6,0.1,0.1,0.067,0.033,0.133,0.033,0,0,0,0.033,0.067,0,0.033,0,0,0,0,0,0.033,0,0,0,9.136,29.99,5.02
4/4/2019 17:39,7.436,0.567,0.233,0,0,0,0,0,0.2,0.033,0.033,0,0,0,0,0.067,0,0,0.033,0,0,0.033,0,0,8.636,29.99,5.19
4/4/2019 17:40,7.736,0.433,0.1,0,0.133,0.1,0.1,0,0,0.033,0,0.033,0,0,0,0,0,0,0,0,0,0,0,0,8.67,29.99,5.29
4/4/2019 17:41,6.802,0.6,0,0.033,0,0.067,0,0.033,0.067,0,0,0,0.033,0,0,0,0,0,0,0,0.033,0,0,0,7.669,29.99,5.12
4/4/2019 17:42,8.236,0.5,0.233,0,0.033,0.033,0.1,0.1,0.033,0,0,0,0,0.033,0,0,0,0,0,0,0,0,0,0,9.303,29.99,5.17
4/4/2019 17:43,7.669,0.5,0.2,0.067,0.1,0.033,0.067,0.033,0,0.1,0,0,0,0,0,0,0,0,0,0,0,0,0,0,8.77,29.99,5.3
4/4/2019 17:44,6.435,0.367,0.133,0,0,0.133,0.033,0.033,0,0,0,0,0,0,0,0,0,0,0,0,0,0,0,0,7.136,29.99,5.37
4/4/2019 17:45,7.402,0.4,0.167,0.1,0.067,0.067,0.1,0,0.033,0,0,0,0,0,0,0,0,0,0,0,0,0,0,0,8.336,29.99,5.3
4/4/2019 17:46,6.836,0.4,0.067,0.067,0.067,0.033,0.033,0.033,0.033,0.033,0,0.033,0,0.033,0,0,0,0,0,0,0,0,0,0,7.669,29.99,5.53
4/4/2019 17:47,6.936,0.433,0.1,0.033,0.067,0.067,0.067,0.033,0.067,0,0,0,0,0,0,0,0,0,0,0,0,0,0,0,7.803,29.99,5.28
4/4/2019 17:48,6.435,0.333,0.167,0,0.067,0.033,0.067,0,0,0.033,0,0,0,0,0,0,0,0,0,0,0,0,0,0,7.136,29.99,5.29
4/4/2019 17:49,6.769,0.667,0.067,0.033,0.033,0.033,0.033,0.033,0,0,0,0,0,0,0,0,0,0,0,0,0,0,0,0,7.669,29.99,5.21
4/4/2019 17:50,5.569,0.6,0.033,0,0.067,0.1,0,0.033,0.033,0,0,0,0,0,0,0,0,0,0,0,0,0,0,0,6.435,29.99,4.97
4/4/2019 17:51,6.569,0.5,0.067,0.067,0.067,0,0,0,0,0,0,0,0,0,0,0,0.033,0,0,0,0,0,0,0,7.302,29.99,4.89
4/4/2019 17:52,5.569,0.3,0.067,0,0,0.067,0,0,0.033,0,0,0,0,0,0,0,0,0,0,0,0,0,0,0,6.035,29.99,4.81
4/4/2019 17:53,6.736,0.567,0.167,0.067,0.1,0.033,0,0,0,0.067,0,0,0,0,0,0,0,0,0,0,0,0,0,0,7.736,29.99,4.84
4/4/2019 17:54,5.735,0.267,0.033,0,0,0.1,0,0.1,0,0.033,0,0,0.033,0,0,0,0,0,0,0,0,0,0,0,6.302,29.99,4.9
4/4/2019 17:55,6.536,0.367,0.2,0.067,0,0,0.067,0,0,0,0,0,0,0,0,0,0,0,0,0,0,0,0,0,7.236,29.99,4.97
4/4/2019 17:56,5.869,0.3,0.067,0.067,0,0.033,0,0.033,0,0.033,0,0,0,0,0,0.033,0,0,0,0.033,0,0,0,0,6.469,29.99,4.97
4/4/2019 17:57,5.902,0.5,0.033,0.067,0.033,0,0.033,0,0.033,0,0,0,0,0,0,0,0,0,0,0,0,0,0,0,6.602,29.99,4.9
4/4/2019 17:58,6.636,0.433,0.1,0.033,0.033,0,0,0.033,0,0,0,0,0,0,0,0,0,0,0,0,0,0,0,0,7.269,29.99,4.98
4/4/2019 17:59,5.902,0.567,0.067,0,0.067,0,0.067,0.033,0,0,0,0,0,0,0,0.033,0,0,0,0,0,0,0,0,6.736,29.99,4.81
4/4/2019 18:00,5.969,0.3,0.1,0.033,0,0.067,0,0,0.033,0,0,0,0,0,0,0,0,0,0,0,0,0,0,0,6.502,29.99,4.98
4/4/2019 18:01,5.902,0.3,0.1,0,0.067,0.033,0,0,0,0,0,0,0,0,0.033,0,0,0,0,0,0,0,0,0,6.435,29.99,4.88
4/4/2019 18:02,6.335,0.367,0.033,0,0.067,0.1,0.033,0,0,0,0,0,0.033,0,0,0,0,0,0,0,0,0,0,0,6.969,29.99,5.01
4/4/2019 18:03,5.402,0.233,0.033,0.033,0.033,0,0.033,0.033,0,0,0.033,0,0,0.033,0,0,0,0,0,0,0,0,0,0,5.869,29.99,5.09
4/4/2019 18:04,5.802,0.233,0.1,0,0.033,0,0.033,0.033,0,0,0,0,0,0,0,0,0,0,0,0,0,0,0,0,6.235,29.99,5.16
4/4/2019 18:05,4.668,0.233,0.033,0,0,0,0,0,0,0,0,0,0,0,0,0,0,0,0,0,0,0,0,0,4.935,29.99,5.18
4/4/2019 18:06,5.635,0.233,0.067,0.033,0.033,0.033,0,0,0,0,0,0.033,0,0,0,0,0,0,0,0,0,0,0,0,6.069,29.99,5.24
4/4/2019 18:07,5.735,0.534,0.2,0,0.033,0,0.033,0,0,0,0,0,0,0,0,0,0,0,0,0,0,0,0,0,6.536,29.99,5.36
4/4/2019 18:08,5.235,0.2,0.167,0.033,0.033,0.033,0.033,0,0,0,0,0,0,0,0,0,0,0,0,0,0,0,0,0,5.735,29.99,5.48
4/4/2019 18:09,5.368,0.3,0.167,0,0,0.033,0,0,0.033,0,0,0,0,0,0,0,0,0,0,0,0,0,0,0,5.902,29.99,5.41
4/4/2019 18:10,4.802,0.2,0.133,0,0,0,0,0,0,0,0,0,0,0,0,0,0,0,0,0,0,0,0,0,5.135,29.99,5.33
4/4/2019 18:11,5.202,0.367,0.067,0,0.033,0.033,0.033,0,0,0,0,0,0,0,0,0,0,0,0,0,0,0,0,0,5.735,29.99,5.54
4/4/2019 18:12,4.702,0.3,0,0.067,0.033,0.033,0,0,0,0,0,0,0,0,0,0,0,0,0,0,0,0,0,0,5.135,29.99,5.52
4/4/2019 18:13,5.002,0.3,0.067,0,0,0,0.1,0.033,0,0,0,0,0,0,0,0,0,0,0,0,0,0,0,0,5.502,29.99,5.5
4/4/2019 18:14,5.435,0.367,0.033,0.033,0,0.033,0,0,0,0.033,0,0,0,0,0,0,0,0,0,0,0,0,0,0,5.935,29.99,5.35
4/4/2019 18:15,5.002,0.267,0.1,0,0,0,0.033,0,0,0,0,0,0,0,0,0,0,0,0,0,0,0,0,0,5.402,29.99,5.3
4/4/2019 18:16,4.201,0.033,0.067,0,0.033,0,0.067,0.033,0,0,0,0,0,0,0,0,0,0,0,0,0,0,0,0,4.435,29.99,5.3
4/4/2019 18:17,5.002,0.267,0,0.033,0.067,0.067,0,0,0,0,0,0,0,0,0,0,0,0,0,0,0,0,0,0,5.435,29.99,5.46
4/4/2019 18:18,5.102,0.233,0,0,0,0.033,0,0,0,0,0,0,0,0,0,0,0,0,0,0,0,0,0,0,5.368,29.99,5.55
4/4/2019 18:19,4.935,0.333,0.1,0.033,0,0,0,0,0,0,0,0,0,0,0,0,0,0,0,0,0,0,0,0,5.402,29.99,5.59
4/4/2019 18:20,4.068,0.2,0,0,0,0,0.033,0,0,0,0,0,0,0,0,0,0,0,0,0,0,0,0,0,4.301,29.99,5.61
4/4/2019 18:21,4.401,0.233,0.067,0,0,0,0,0,0,0,0,0,0,0,0,0,0,0,0,0,0,0,0,0,4.702,29.99,5.63
4/4/2019 18:22,4.568,0.133,0.067,0,0,0.033,0,0,0,0,0,0,0,0,0,0,0,0,0,0,0,0,0,0,4.802,29.99,5.47
4/4/2019 18:23,4.802,0.367,0.033,0.033,0,0,0.033,0,0,0,0,0,0,0,0,0,0,0,0,0,0,0,0,0,5.268,29.99,5.46
4/4/2019 18:24,4.168,0.033,0,0.033,0.033,0.1,0,0,0,0,0,0,0,0,0,0,0,0,0,0,0,0,0,0,4.368,29.99,5.44
4/4/2019 18:25,4.301,0.267,0.033,0.033,0,0,0,0.033,0.033,0,0,0,0,0,0.033,0,0,0,0,0,0,0,0,0,4.735,29.99,5.38
4/4/2019 18:26,4.168,0.167,0.033,0.033,0.067,0,0,0.033,0,0,0,0,0,0,0,0,0,0,0,0,0,0,0,0,4.502,29.99,5.35
4/4/2019 18:27,4.035,0.167,0,0,0,0,0.033,0,0,0,0,0,0,0,0,0,0,0,0,0,0,0,0,0,4.235,29.99,5.19
4/4/2019 18:28,4.502,0.2,0,0,0,0,0,0.033,0,0,0,0,0,0,0,0,0,0,0,0,0,0,0,0,4.735,29.99,5.09
4/4/2019 18:29,3.835,0.367,0.067,0,0,0.033,0,0,0,0,0,0,0,0,0,0,0,0,0,0,0,0,0,0,4.301,29.99,5.14
4/4/2019 18:30,4.535,0.2,0.067,0,0,0.033,0,0,0,0.033,0,0,0,0,0,0,0,0,0,0,0,0,0,0,4.868,29.99,5.12
4/4/2019 18:31,4.301,0.2,0.033,0,0,0,0,0,0.033,0,0,0,0,0,0,0,0,0,0,0,0,0,0,0,4.568,29.99,5.18
4/4/2019 18:32,3.801,0.133,0.033,0,0.033,0,0.033,0,0.033,0,0,0,0,0,0,0,0,0,0,0,0,0,0,0,4.068,29.99,5.12
4/4/2019 18:33,3.601,0.133,0,0,0.033,0.033,0,0,0,0,0,0,0,0,0,0,0,0,0,0,0,0,0,0,3.801,29.99,5.16
4/4/2019 18:34,3.835,0.133,0.033,0,0,0,0,0,0,0,0,0,0,0,0,0,0,0,0,0,0,0,0,0,4.001,29.99,5.2
4/4/2019 18:35,3.935,0.233,0.033,0,0.033,0,0,0,0,0,0,0,0,0,0,0,0,0,0,0,0,0,0,0,4.235,29.99,4.29
4/4/2019 18:36,3.868,0.2,0.033,0,0,0,0,0,0,0,0,0,0,0,0,0,0,0,0,0,0,0,0,0,4.101,29.99,4.4
4/4/2019 18:37,3.935,0.067,0.033,0.033,0,0,0,0,0,0,0,0,0,0,0,0,0,0,0,0,0,0,0,0,4.068,29.99,4.4
4/4/2019 18:38,4.068,0.133,0.033,0,0,0.067,0.033,0,0,0,0,0,0,0,0,0,0,0,0,0,0,0,0,0,4.335,29.99,4.49
4/4/2019 18:39,3.234,0.067,0.033,0,0.033,0,0.033,0,0,0,0,0,0,0,0,0,0,0,0,0,0,0,0,0,3.401,29.99,4.53
4/4/2019 18:40,3.601,0.033,0.033,0,0,0,0,0,0,0,0,0,0,0,0,0,0,0,0,0,0,0,0,0,3.668,29.99,4.55
4/4/2019 18:41,3.968,0.3,0.033,0,0.033,0,0,0,0,0.033,0,0,0,0,0,0,0,0,0,0,0,0,0,0,4.368,29.99,4.61
4/4/2019 18:42,3.401,0,0,0,0,0,0,0,0,0,0,0,0,0,0,0,0,0,0,0,0,0,0,0,3.401,29.99,4.61
4/4/2019 18:43,3.501,0.1,0,0,0,0.033,0,0,0,0,0,0,0,0,0,0,0,0,0,0,0,0,0,0,3.635,29.99,4.67
4/4/2019 18:44,2.401,0.1,0.033,0,0.033,0,0,0,0,0,0,0,0,0,0,0,0,0,0,0,0,0,0,0,2.568,29.99,4.65
4/4/2019 18:45,3.635,0.133,0,0,0.033,0,0,0,0,0,0,0,0,0,0,0,0,0,0,0,0,0,0,0,3.801,29.99,4.67
4/4/2019 18:46,3.301,0.067,0.1,0,0.033,0,0,0,0,0,0,0,0,0,0,0,0,0,0,0,0,0,0,0,3.501,29.99,4.68
4/4/2019 18:47,3.301,0.033,0.033,0,0,0,0.033,0,0,0,0,0,0,0,0,0,0,0,0,0,0,0,0,0,3.401,29.99,4.7
4/4/2019 18:48,3.168,0.133,0.1,0.033,0,0,0,0,0,0,0,0,0,0,0,0,0,0,0,0,0,0,0,0,3.434,29.99,4.78
4/4/2019 18:49,2.901,0.233,0,0,0.033,0,0,0,0,0,0,0,0,0,0,0,0,0,0,0,0,0,0,0,3.168,29.99,4.8
4/4/2019 18:50,3.034,0.167,0,0,0,0,0,0,0,0,0,0,0,0,0,0,0,0,0,0,0,0,0,0,3.201,29.99,4.78
4/4/2019 18:51,3.134,0.133,0,0.033,0,0.033,0,0,0,0,0,0,0,0,0,0,0,0,0,0,0,0,0,0,3.334,29.99,4.77
4/4/2019 18:52,3.334,0.033,0.067,0,0,0.033,0,0,0,0,0,0,0,0,0,0,0,0,0,0,0,0,0,0,3.468,29.99,4.78
4/4/2019 18:53,3.201,0.133,0.033,0,0,0,0,0.033,0,0,0,0,0,0,0,0,0,0,0,0,0,0,0,0,3.401,29.99,4.81
4/4/2019 18:54,2.834,0.033,0.067,0,0.033,0,0,0,0,0,0,0,0,0,0,0,0,0,0,0,0,0,0,0,2.968,29.99,4.84
4/4/2019 18:55,3.601,0.2,0,0,0.033,0,0,0,0,0,0,0,0,0,0,0,0,0,0,0,0,0,0,0,3.835,29.99,4.95
4/4/2019 18:56,3.201,0.167,0,0,0,0,0,0,0,0,0,0,0,0,0,0,0,0,0,0,0,0,0,0,3.368,29.99,4.87
4/4/2019 18:57,3.401,0.1,0,0,0,0,0,0,0,0,0,0,0,0,0,0,0,0,0,0,0,0,0,0,3.501,29.99,4.78
4/4/2019 18:58,2.934,0.133,0,0,0,0,0,0,0,0,0,0,0,0,0,0,0,0,0,0,0,0,0,0,3.068,29.99,4.71
4/4/2019 18:59,3.901,0.167,0,0.033,0,0.033,0,0,0,0,0,0,0,0,0,0,0,0,0,0,0,0,0,0,4.135,29.99,4.75
4/4/2019 19:00,3.034,0.067,0,0,0.033,0,0,0,0,0,0,0,0,0,0,0,0,0,0,0,0,0,0,0,3.134,29.99,4.82
4/4/2019 19:01,3.234,0.033,0,0,0,0,0,0,0,0,0,0,0,0,0,0,0,0,0,0,0,0,0,0,3.268,29.99,4.8
4/4/2019 19:02,2.968,0.167,0.033,0,0,0.033,0,0,0,0,0,0,0,0,0,0,0,0,0,0,0,0,0,0,3.201,29.99,4.87
4/4/2019 19:03,2.901,0.067,0,0,0,0,0,0,0,0,0,0,0,0,0,0,0,0,0,0,0,0,0,0,2.968,29.99,4.91
4/4/2019 19:04,2.834,0.067,0.033,0,0,0,0,0,0.033,0,0,0,0,0,0,0,0,0,0,0,0,0,0,0,2.968,29.99,4.99
4/4/2019 19:05,2.634,0.1,0.067,0,0.033,0,0,0,0,0,0,0,0,0,0,0,0,0,0,0,0,0,0,0,2.834,29.99,4.97
4/4/2019 19:06,3.001,0.1,0,0,0,0,0,0,0,0,0,0,0,0,0,0,0,0,0,0,0,0,0,0,3.101,29.99,5.04
4/4/2019 19:07,2.234,0.2,0.067,0,0,0,0,0,0,0,0,0,0,0,0,0,0,0,0,0,0,0,0,0,2.501,29.99,5.11
4/4/2019 19:08,2.601,0.067,0,0,0,0,0,0,0,0,0,0,0,0,0,0,0,0,0,0,0,0,0,0,2.668,29.99,5.1
4/4/2019 19:09,2.534,0.1,0,0,0,0,0,0,0,0,0,0,0,0,0,0,0,0,0,0,0,0,0,0,2.634,29.99,5.15
4/4/2019 19:10,2.568,0.067,0.033,0,0,0.033,0,0,0,0,0,0,0,0,0,0,0,0,0,0,0,0,0,0,2.701,29.99,5.13
4/4/2019 19:11,2.401,0.067,0.067,0,0,0,0,0,0,0.033,0,0,0,0,0,0,0,0,0,0,0,0,0,0,2.568,29.99,5.16
4/4/2019 19:12,2.801,0.1,0,0,0,0.067,0.067,0,0,0,0,0,0,0,0,0,0,0,0,0,0,0,0,0,3.034,29.99,5.09
4/4/2019 19:13,3.034,0.033,0,0,0,0,0,0,0.033,0,0,0,0,0,0,0,0,0,0,0,0,0,0,0,3.101,29.99,5.12
4/4/2019 19:14,2.968,0,0,0,0,0.033,0,0,0,0,0,0,0,0,0,0,0,0,0,0,0,0,0,0,3.001,29.99,5.12
4/4/2019 19:15,3.201,0.1,0.033,0,0,0,0,0,0,0,0,0,0,0,0,0,0,0,0,0,0,0,0,0,3.334,29.99,5.13
4/4/2019 19:16,2.968,0.1,0,0,0,0,0,0,0,0,0,0,0,0,0,0,0,0,0,0,0,0,0,0,3.068,29.99,5.12
4/4/2019 19:17,2.801,0.167,0.033,0.033,0,0,0,0,0,0,0,0,0,0,0,0,0,0,0,0,0,0,0,0,3.034,29.99,5.14
4/4/2019 19:18,3.001,0.167,0,0,0,0.033,0,0,0,0,0,0,0,0,0,0,0,0,0,0,0,0,0,0,3.201,29.99,5.1
4/4/2019 19:19,2.601,0.167,0.033,0,0,0,0,0,0,0,0,0,0,0,0,0,0,0,0,0,0,0,0,0,2.801,29.99,5.06
4/4/2019 19:20,2.534,0,0.067,0,0,0,0,0,0,0,0,0,0,0,0,0,0,0,0,0,0,0,0,0,2.601,29.99,5.06
4/4/2019 19:21,2.234,0.1,0,0,0,0,0,0,0,0,0,0,0,0,0,0,0,0,0,0,0,0,0,0,2.334,29.99,5.04
4/4/2019 19:22,2.768,0.067,0.033,0,0,0,0,0,0,0,0,0,0,0,0,0,0,0,0,0,0,0,0,0,2.868,29.99,5.05
4/4/2019 19:23,2.868,0.1,0,0,0,0,0,0,0,0,0,0,0,0,0,0,0,0,0,0,0,0,0,0,2.968,29.99,5.06
4/4/2019 19:24,2.134,0,0.033,0,0.033,0,0,0,0,0,0,0,0,0,0,0,0,0,0,0,0,0,0,0,2.201,29.99,5.06
4/4/2019 19:25,2.301,0,0,0,0,0,0,0,0,0,0,0,0,0,0,0,0,0,0,0,0,0,0,0,2.301,29.99,5.06
4/4/2019 19:26,1.967,0.133,0,0.033,0,0,0,0,0,0,0,0,0,0,0,0,0,0,0,0,0,0,0,0,2.134,29.99,5.21
4/4/2019 19:27,2.367,0.133,0,0,0.033,0,0,0,0.033,0,0,0,0,0,0,0,0,0,0,0,0,0,0,0,2.568,29.99,5.24
4/4/2019 19:28,1.834,0.033,0,0,0,0,0,0,0.033,0,0,0,0,0,0,0,0,0,0,0,0,0,0,0,1.901,29.99,5.25
4/4/2019 19:29,2.601,0,0,0,0,0,0,0,0,0,0,0,0,0,0,0,0,0,0,0,0,0,0,0,2.601,29.99,5.25
4/4/2019 19:30,2.467,0.033,0,0.033,0,0,0,0,0,0,0,0,0,0,0,0,0,0,0,0,0,0,0,0,2.534,29.99,5.21
4/4/2019 19:31,2.401,0.067,0,0,0,0,0,0,0,0,0,0,0,0,0,0,0,0,0,0,0,0,0,0,2.467,29.99,5.14
4/4/2019 19:32,2.201,0.1,0.1,0,0.033,0,0,0,0,0,0,0,0,0,0,0,0,0,0,0,0,0,0,0,2.434,29.99,5.06
4/4/2019 19:33,2.267,0.067,0,0,0,0,0,0,0,0,0,0,0,0,0,0,0,0,0,0,0,0,0,0,2.334,29.99,5.04
4/4/2019 19:34,2.334,0.133,0.033,0,0,0,0,0,0,0,0,0,0,0,0,0,0,0,0,0,0,0,0,0,2.501,29.99,5.11
4/4/2019 19:35,2.301,0.2,0,0,0,0,0,0,0,0,0,0,0,0,0,0,0,0,0,0,0,0,0,0,2.501,29.99,5.1
4/4/2019 19:36,2.901,0.1,0.033,0,0,0,0.033,0.033,0,0,0,0,0,0,0,0,0,0,0,0,0,0,0,0,3.101,29.99,5.11
4/4/2019 19:37,2.467,0.033,0.033,0,0,0.033,0,0,0,0,0,0,0,0,0,0,0,0,0,0,0,0,0,0,2.568,29.99,5.15
4/4/2019 19:38,1.934,0.033,0,0,0,0,0,0,0,0,0,0,0,0,0,0,0,0,0,0,0,0,0,0,1.967,29.99,5.14
4/4/2019 19:39,1.634,0.1,0,0,0,0,0,0,0,0,0,0,0,0,0,0,0,0,0,0,0,0,0,0,1.734,29.99,5.21
4/4/2019 19:40,2.367,0.233,0,0.033,0,0,0,0,0,0,0,0,0,0,0,0,0,0,0,0,0,0,0,0,2.634,29.99,5.23
4/4/2019 19:41,2.101,0.033,0,0,0,0,0,0,0,0,0,0,0,0,0,0,0,0,0,0,0,0,0,0,2.134,29.99,5.25
4/4/2019 19:42,2.201,0.033,0,0,0,0.033,0.033,0,0,0,0,0,0,0,0,0,0,0,0,0,0,0,0,0,2.301,29.99,5.27
4/4/2019 19:43,2.534,0.1,0,0,0,0,0,0,0,0,0,0,0,0,0,0,0,0,0,0,0,0,0,0,2.634,29.99,5.3
4/4/2019 19:44,2.334,0.167,0,0,0,0.033,0,0,0,0,0,0,0,0,0,0,0,0,0,0,0,0,0,0,2.534,29.99,5.31
4/4/2019 19:45,2.301,0.1,0,0,0,0,0,0,0,0,0,0,0,0,0,0,0,0,0,0,0,0,0,0,2.401,29.99,5.31
4/4/2019 19:46,1.834,0.1,0.033,0,0,0,0,0,0,0,0,0,0,0,0,0,0,0,0,0,0,0,0,0,1.967,29.99,5.27
4/4/2019 19:47,2.501,0.033,0,0.033,0,0,0,0,0,0,0,0,0,0,0,0,0,0,0,0,0,0,0,0,2.568,29.99,5.21
4/4/2019 19:48,1.901,0.033,0.033,0,0,0,0,0,0,0,0,0,0,0,0,0,0,0,0,0,0,0,0,0,1.967,29.99,5.23
4/4/2019 19:49,2.401,0.067,0,0,0,0,0,0,0,0,0,0,0,0,0,0,0,0,0,0,0,0,0,0,2.467,29.99,5.23
4/4/2019 19:50,2.234,0.067,0,0,0,0,0,0,0,0,0,0,0,0,0,0,0,0,0,0,0,0,0,0,2.301,29.99,5.2
4/4/2019 19:51,2.301,0,0,0,0,0.033,0,0,0,0,0,0,0,0,0,0,0,0,0,0,0,0,0,0,2.334,29.99,5.2
4/4/2019 19:52,2.201,0.033,0.067,0,0,0,0,0,0,0,0,0,0,0,0,0,0,0,0,0,0,0,0,0,2.301,29.99,5.18
4/4/2019 19:53,2.301,0.033,0,0,0.033,0,0,0,0,0,0,0,0,0,0,0,0,0,0,0,0,0,0,0,2.367,29.99,5.22
4/4/2019 19:54,2.234,0.067,0,0,0,0,0,0,0,0,0,0,0,0,0,0,0,0,0,0,0,0,0,0,2.301,29.99,5.28
4/4/2019 19:55,1.667,0.067,0,0,0,0.033,0,0,0,0,0,0,0,0,0,0,0,0,0,0,0,0,0,0,1.767,29.99,5.25
4/4/2019 19:56,2.134,0.067,0.033,0.033,0,0,0.033,0,0,0,0,0,0,0,0,0,0,0,0,0,0,0,0,0,2.301,29.99,5.26
4/4/2019 19:57,1.934,0.133,0,0,0,0,0,0,0,0,0,0,0,0,0,0,0,0,0,0,0,0,0,0,2.067,29.99,5.32
4/4/2019 19:58,2.067,0.1,0,0,0,0,0,0,0,0,0,0,0,0,0,0,0,0,0,0,0,0,0,0,2.167,29.99,5.24
4/4/2019 19:59,1.834,0.033,0,0,0,0,0,0,0,0,0,0,0,0,0,0,0,0,0,0,0,0,0,0,1.867,29.99,5.27
4/4/2019 20:00,1.967,0.067,0.033,0,0,0,0,0,0,0,0,0,0,0,0,0,0,0,0,0,0,0,0,0,2.067,29.99,5.23
4/4/2019 20:01,1.467,0.067,0,0,0,0,0.033,0,0,0,0,0,0,0,0,0,0,0,0,0,0,0,0,0,1.567,29.99,5.28
4/4/2019 20:02,1.534,0.067,0,0.033,0,0.033,0,0,0,0,0,0,0,0,0,0,0,0,0,0,0,0,0,0,1.667,29.99,5.32
4/4/2019 20:03,2.301,0.033,0,0,0,0,0,0,0,0,0,0,0,0,0,0,0,0,0,0,0,0,0,0,2.334,29.99,5.26
4/4/2019 20:04,1.601,0.1,0,0,0,0.033,0,0,0,0,0,0,0,0,0,0,0,0,0,0,0,0,0,0,1.734,29.99,5.35
4/4/2019 20:05,2.134,0.1,0,0,0,0,0,0,0,0,0,0,0,0,0,0,0,0,0,0,0,0,0,0,2.234,29.99,5.25
4/4/2019 20:06,1.934,0.033,0,0,0,0,0,0,0,0,0,0,0,0,0,0,0,0,0,0,0,0,0,0,1.967,29.99,5.28
4/4/2019 20:07,1.701,0.067,0,0,0,0,0,0,0,0,0,0,0,0,0,0,0,0,0,0,0,0,0,0,1.767,29.99,5.31
4/4/2019 20:08,1.467,0.033,0.033,0,0,0,0,0,0,0,0,0,0,0.033,0,0,0,0,0,0,0,0,0,0,1.567,29.99,5.23
4/4/2019 20:09,1.767,0.033,0,0,0,0,0,0,0,0,0,0,0,0,0,0,0,0,0,0,0,0,0,0,1.801,29.99,5.23
4/4/2019 20:10,1.667,0.067,0,0,0,0,0,0,0,0,0,0,0,0,0,0,0,0,0,0,0,0,0,0,1.734,29.99,5.29
4/4/2019 20:11,1.934,0.033,0,0,0,0,0,0,0,0,0,0,0,0,0,0,0,0,0,0,0,0,0,0,1.967,29.99,5.28
4/4/2019 20:12,1.667,0.1,0.067,0,0,0,0,0,0,0,0,0,0,0,0,0,0,0,0,0,0,0,0,0,1.834,29.99,5.35
4/4/2019 20:13,1.634,0,0.033,0,0,0,0,0,0,0,0,0,0,0,0,0,0,0,0,0,0,0,0,0,1.667,29.99,5.35
4/4/2019 20:14,1.934,0.033,0,0,0,0,0,0,0,0,0,0,0,0,0,0,0,0,0,0,0,0,0,0,1.967,29.99,5.33
4/4/2019 20:15,1.801,0.067,0,0,0,0,0,0,0,0,0,0,0,0,0,0,0,0,0,0,0,0,0,0,1.867,29.99,5.31
4/4/2019 20:16,1.967,0,0.033,0,0,0,0,0,0,0,0,0,0,0,0,0,0,0,0,0,0,0,0,0,2.001,29.99,5.31
4/4/2019 20:17,1.534,0.1,0.033,0,0,0,0,0,0,0,0,0,0,0,0,0,0,0,0,0,0,0,0,0,1.667,29.99,5.35
4/4/2019 20:18,1.834,0.033,0,0,0,0,0,0,0,0,0,0,0,0,0,0,0,0,0,0,0,0,0,0,1.867,29.99,5.32
4/4/2019 20:19,1.667,0.067,0,0,0,0,0,0,0,0,0,0,0,0,0,0,0,0,0,0,0,0,0,0,1.734,29.99,5.37
4/4/2019 20:20,1.534,0.1,0.033,0,0,0,0,0,0,0,0,0,0,0,0,0,0,0,0,0,0,0,0,0,1.667,29.99,5.35
4/4/2019 20:21,1.367,0,0,0,0,0,0.033,0,0,0,0,0,0,0,0,0,0,0,0,0,0,0,0,0,1.4,29.99,5.35
4/4/2019 20:22,1.767,0.1,0,0,0,0,0,0,0,0,0,0,0,0,0,0,0,0,0,0,0,0,0,0,1.867,29.99,5.37
4/4/2019 20:23,2.001,0.033,0,0,0,0,0,0,0,0,0,0,0,0,0,0,0,0,0,0,0,0,0,0,2.034,29.99,5.36
4/4/2019 20:24,1.534,0.033,0,0,0,0,0,0,0,0,0,0,0,0,0,0,0,0,0,0,0,0,0,0,1.567,29.99,5.38
4/4/2019 20:25,1.734,0.033,0,0,0,0,0,0,0,0,0,0,0,0,0,0,0,0,0,0,0,0,0,0,1.767,29.99,5.38
4/4/2019 20:26,1.467,0.067,0,0,0,0,0,0,0,0,0,0,0,0,0,0,0,0,0,0,0,0,0,0,1.534,29.99,5.32
4/4/2019 20:27,1.734,0.067,0.033,0,0.033,0,0,0,0,0,0,0,0,0,0,0,0,0,0,0,0,0,0,0,1.867,29.99,5.24
4/4/2019 20:28,1.701,0.033,0,0,0,0,0,0,0,0,0,0,0,0,0,0,0,0,0,0,0,0,0,0,1.734,29.99,5.24
4/4/2019 20:29,1.501,0.067,0,0,0,0,0,0,0,0,0,0,0,0,0,0,0,0,0,0,0,0,0,0,1.567,29.99,5.22
4/4/2019 20:30,2.067,0,0,0,0,0,0,0,0,0,0,0,0,0,0,0,0,0,0,0,0,0,0,0,2.067,29.99,5.22
4/4/2019 20:31,1.701,0,0.033,0,0,0,0,0,0,0,0,0,0,0,0,0,0,0,0,0,0,0,0,0,1.734,29.99,5.22
4/4/2019 20:32,1.967,0.067,0,0,0,0,0,0,0,0,0,0,0,0,0,0,0,0,0,0,0,0,0,0,2.034,29.99,5.21
4/4/2019 20:33,1.634,0,0,0,0,0,0.033,0,0,0,0,0,0,0,0,0,0,0,0,0,0,0,0,0,1.667,29.99,5.21
4/4/2019 20:34,1.334,0.133,0.033,0,0,0,0,0,0,0,0,0,0,0,0,0,0,0,0,0,0,0,0,0,1.501,29.99,5.15
4/4/2019 20:35,1.667,0.067,0.067,0,0,0,0,0,0,0,0,0,0,0,0,0,0,0,0,0,0,0,0,0,1.801,29.99,5.19
4/4/2019 20:36,1.767,0.1,0,0,0,0,0,0,0,0,0,0,0,0,0,0,0,0,0,0,0,0,0,0,1.867,29.99,5.14
4/4/2019 20:37,1.267,0,0,0,0,0,0,0,0,0,0,0,0,0,0,0,0,0,0,0,0,0,0,0,1.267,29.99,5.14
4/4/2019 20:38,1.767,0.167,0,0,0,0,0,0,0,0,0,0,0,0,0,0,0,0,0,0,0,0,0,0,1.934,29.99,5.26
4/4/2019 20:39,1.601,0.067,0,0,0,0,0,0,0,0,0,0,0,0,0,0,0,0,0,0,0,0,0,0,1.667,29.99,5.3
4/4/2019 20:40,1.901,0.033,0,0,0,0,0,0,0,0,0,0,0,0,0,0,0,0,0,0,0,0,0,0,1.934,29.99,5.23
4/4/2019 20:41,2.001,0,0.033,0,0,0,0,0,0,0,0,0,0,0,0,0,0,0,0,0,0,0,0,0,2.034,29.99,5.23
4/4/2019 20:42,2.034,0.033,0,0,0,0,0,0,0,0,0,0,0,0,0,0,0,0,0,0,0,0,0,0,2.067,29.99,5.25
4/4/2019 20:43,1.967,0.1,0.067,0,0,0,0,0,0,0,0,0,0,0,0,0,0,0,0,0,0,0,0,0,2.134,29.99,5.2
4/4/2019 20:44,1.867,0.067,0.033,0,0,0,0,0,0,0,0,0,0,0,0,0,0,0,0,0,0,0,0,0,1.967,29.99,5.23
4/4/2019 20:45,1.534,0,0.033,0,0,0,0,0,0,0,0,0,0,0,0,0,0,0,0,0,0,0,0,0,1.567,29.99,5.23
4/4/2019 20:46,1.167,0.133,0.033,0,0,0,0,0,0,0,0,0,0,0,0,0,0,0,0,0,0,0,0,0,1.334,29.99,5.19
4/4/2019 20:47,1.501,0,0.033,0,0,0,0,0,0,0,0,0,0,0,0,0,0,0,0,0,0,0,0,0,1.534,29.99,5.19
4/4/2019 20:48,1.434,0.133,0.033,0,0,0,0,0,0,0,0,0,0,0,0,0,0,0,0,0,0,0,0,0,1.601,29.99,5.12
4/4/2019 20:49,1.567,0,0.033,0.033,0,0.033,0,0,0,0,0,0,0,0,0,0,0,0,0,0,0,0,0,0,1.667,29.99,5.12
4/4/2019 20:50,1.434,0.033,0.033,0,0,0,0,0,0,0,0,0,0,0,0,0,0,0,0,0,0,0,0,0,1.501,29.99,5.15
4/4/2019 20:51,1.334,0.033,0,0,0,0,0,0,0,0,0,0,0,0,0,0,0,0,0,0,0,0,0,0,1.367,29.99,5.17
4/4/2019 20:52,1.667,0.1,0.033,0,0,0,0,0,0,0,0,0,0,0,0,0,0,0,0,0,0,0,0,0,1.801,29.99,5.26
4/4/2019 20:53,1.2,0.033,0,0,0,0,0,0,0,0,0,0,0,0,0,0,0,0,0,0,0,0,0,0,1.234,29.99,5.29
4/4/2019 20:54,1.501,0.033,0,0,0,0.033,0,0,0,0,0,0,0,0,0,0,0,0,0,0,0,0,0,0,1.567,29.99,5.32
4/4/2019 20:55,1.667,0.033,0.033,0,0,0,0,0,0,0,0,0,0,0,0,0,0,0,0,0,0,0,0,0,1.734,29.99,5.37
4/4/2019 20:56,1.667,0.033,0,0,0.033,0,0,0,0,0,0,0,0,0,0,0,0,0,0,0,0,0,0,0,1.734,29.99,5.35
4/4/2019 20:57,1.601,0.067,0,0,0.033,0,0,0,0,0,0,0,0,0,0,0,0,0,0,0,0,0,0,0,1.701,29.99,5.41
4/4/2019 20:58,1.367,0.1,0.033,0,0,0,0,0,0,0,0,0,0,0,0,0,0,0,0,0,0,0,0,0,1.501,29.99,5.43
4/4/2019 20:59,1.534,0.067,0.033,0,0,0,0,0,0,0,0,0,0,0,0,0,0,0,0,0,0,0,0,0,1.634,29.99,5.45
4/4/2019 21:00,1.501,0,0,0,0,0,0,0,0,0,0,0,0,0,0,0,0,0,0,0,0,0,0,0,1.501,29.99,5.45
4/4/2019 21:01,1.234,0.033,0,0,0,0,0,0,0.033,0,0,0,0,0,0,0,0,0,0,0,0,0,0,0,1.3,29.99,5.42
4/4/2019 21:02,1.334,0.067,0.033,0,0,0,0,0.033,0,0,0,0,0,0,0,0,0,0,0,0,0,0,0,0,1.467,29.99,5.42
4/4/2019 21:03,1.501,0.067,0,0,0,0,0,0,0,0,0,0,0,0,0,0,0,0,0,0,0,0,0,0,1.567,29.99,5.43
4/4/2019 21:04,1.901,0,0,0,0,0,0,0,0,0,0,0,0,0,0,0,0,0,0,0,0,0,0,0,1.901,29.99,5.43
4/4/2019 21:05,1.467,0.067,0,0,0,0,0,0,0,0,0,0,0,0,0,0,0,0,0,0,0,0,0,0,1.534,29.99,5.39
4/4/2019 21:06,1.567,0.1,0,0,0,0,0,0,0,0,0,0,0,0,0,0,0,0,0,0,0,0,0,0,1.667,29.99,5.39
4/4/2019 21:07,1.801,0.1,0,0,0,0,0,0,0,0,0,0,0,0,0,0,0,0,0,0,0,0,0,0,1.901,29.99,5.43
4/4/2019 21:08,1.467,0.033,0,0,0,0,0,0,0,0,0,0,0,0,0,0,0,0,0,0,0,0,0,0,1.501,29.99,5.44
4/4/2019 21:09,1.367,0.067,0,0,0.033,0,0,0,0,0,0,0,0,0,0,0,0,0,0,0,0,0,0,0,1.467,29.99,5.51
4/4/2019 21:10,1.234,0.033,0,0,0,0,0,0,0,0,0,0,0,0,0,0,0,0,0,0,0,0,0,0,1.267,29.99,5.55
4/4/2019 21:11,1.567,0.033,0,0,0.033,0,0,0,0,0,0,0,0,0,0,0,0,0,0,0,0,0,0,0,1.634,29.99,5.57
4/4/2019 21:12,1.834,0.1,0,0,0,0,0,0,0,0,0,0,0,0,0,0,0,0,0,0,0,0,0,0,1.934,29.99,5.56
4/4/2019 21:13,1.534,0,0.067,0,0,0,0,0,0.067,0,0,0,0,0,0,0,0,0,0,0,0,0,0,0,1.667,29.99,5.56
4/4/2019 21:14,1.234,0.067,0,0,0,0,0,0,0,0,0,0,0,0,0,0,0,0,0,0,0,0,0,0,1.3,29.99,5.51
4/4/2019 21:15,0.934,0.067,0,0,0,0,0,0,0,0,0,0,0,0,0,0,0,0,0,0,0,0,0,0,1,29.99,5.55
4/4/2019 21:16,1.534,0.033,0,0,0,0,0,0,0,0,0,0,0,0,0,0,0,0,0,0,0,0,0,0,1.567,29.99,5.58
4/4/2019 21:17,1.2,0.033,0,0,0,0,0,0,0,0,0,0,0,0,0,0,0,0,0,0,0,0,0,0,1.234,29.99,5.56
4/4/2019 21:18,1.734,0.033,0,0,0,0,0,0,0,0,0,0,0,0,0,0,0,0,0,0,0,0,0,0,1.767,29.99,5.58
4/4/2019 21:19,1.367,0.067,0.033,0,0,0,0,0,0.033,0,0,0,0,0,0,0,0,0,0,0,0,0,0,0,1.501,29.99,5.56
4/4/2019 21:20,1.567,0.033,0,0,0,0,0,0,0,0,0,0,0,0,0,0,0,0,0,0,0,0,0,0,1.601,29.99,5.6
4/4/2019 21:21,1.534,0.067,0,0,0,0,0,0,0,0,0,0,0,0,0,0,0,0,0,0,0,0,0,0,1.601,29.99,5.57
4/4/2019 21:22,1.034,0,0,0,0,0,0,0,0,0,0,0,0,0,0,0,0,0,0,0,0,0,0,0,1.034,29.99,5.57
4/4/2019 21:23,1.067,0,0.033,0,0,0,0,0,0,0,0,0,0,0,0,0,0,0,0,0,0,0,0,0,1.1,29.99,5.57
4/4/2019 21:24,1,0.1,0.033,0,0,0,0,0,0,0,0,0,0,0,0,0,0,0,0,0,0,0,0,0,1.134,29.99,5.43
4/4/2019 21:25,0.8,0.033,0,0,0,0,0,0,0,0,0,0,0,0,0,0,0,0,0,0,0,0,0,0,0.834,29.99,5.39
4/4/2019 21:26,1.434,0.067,0,0,0,0,0,0,0,0,0,0,0,0,0,0,0,0,0,0,0,0,0,0,1.501,29.99,5.3
4/4/2019 21:27,1.2,0.033,0,0,0,0,0,0,0,0,0,0,0,0,0,0,0,0,0,0,0,0,0,0,1.234,29.99,5.33
4/4/2019 21:28,1.2,0.033,0,0,0.033,0,0,0,0,0,0,0,0,0,0,0,0,0,0,0,0,0,0,0,1.267,29.99,5.31
4/4/2019 21:29,0.834,0.033,0.033,0,0,0,0,0,0,0,0,0,0,0,0,0,0,0,0,0,0,0,0,0,0.9,29.99,5.31
4/4/2019 21:30,1.2,0.033,0,0,0,0,0,0,0,0,0,0,0,0,0,0,0,0,0,0,0,0,0,0,1.234,29.99,5.32
4/4/2019 21:31,1.1,0.033,0,0,0,0,0,0,0,0,0,0,0,0,0,0,0,0,0,0,0,0,0,0,1.134,29.99,5.32
4/4/2019 21:32,1,0.067,0,0,0,0,0,0,0,0,0,0,0,0,0,0,0,0,0,0,0,0,0,0,1.067,29.99,5.24
4/4/2019 21:33,1.267,0,0.033,0,0,0,0,0,0,0,0,0,0,0,0,0,0,0,0,0,0,0,0,0,1.3,29.99,5.24
4/4/2019 21:34,1.134,0.067,0,0,0,0,0,0,0,0,0,0,0,0,0,0,0,0,0,0,0,0,0,0,1.2,29.99,5.27
4/4/2019 21:35,1.067,0.067,0.033,0,0,0,0,0,0,0,0,0,0,0,0,0,0,0,0,0,0,0,0,0,1.167,29.99,5.3
4/4/2019 21:36,1.434,0.033,0,0,0,0,0,0,0,0,0,0,0,0,0,0,0,0,0,0,0,0,0,0,1.467,29.99,5.33
4/4/2019 21:37,1.234,0.067,0,0,0,0,0,0,0,0,0,0,0,0,0,0,0,0,0,0,0,0,0,0,1.3,29.99,5.3
4/4/2019 21:38,1.267,0.067,0,0,0,0,0,0,0,0,0,0,0,0,0,0,0,0,0,0,0,0,0,0,1.334,29.99,5.32
4/4/2019 21:39,0.9,0.067,0.067,0,0,0,0,0,0,0,0,0,0,0,0,0,0,0,0,0,0,0,0,0,1.034,29.99,5.32
4/4/2019 21:40,1.467,0.033,0,0,0,0.033,0,0,0,0,0,0,0,0,0,0,0,0,0,0,0,0,0,0,1.534,29.99,5.27
4/4/2019 21:41,1.3,0,0,0,0,0,0,0,0,0,0,0,0,0,0,0,0,0,0,0,0,0,0,0,1.3,29.99,5.27
4/4/2019 21:42,1.234,0.033,0,0,0,0,0,0,0,0,0,0,0,0,0,0,0,0,0,0,0,0,0,0,1.267,29.99,5.27
4/4/2019 21:43,1.267,0.033,0,0,0,0,0,0,0,0,0,0,0,0,0,0,0,0,0,0,0,0,0,0,1.3,29.99,5.29
4/4/2019 21:44,1,0.067,0,0,0,0,0,0,0,0,0,0,0,0,0,0,0,0,0,0,0,0,0,0,1.067,29.99,5.36
4/4/2019 21:45,1.067,0.033,0.033,0,0,0,0,0,0,0,0,0,0,0,0,0,0,0,0,0,0,0,0,0,1.134,29.99,5.38
4/4/2019 21:46,1.134,0.033,0,0.033,0,0,0,0,0,0,0,0,0,0,0,0,0,0,0,0,0,0,0,0,1.2,29.99,5.34
4/4/2019 21:47,0.734,0.067,0.033,0,0,0,0,0,0,0,0,0,0,0,0,0,0,0,0,0,0,0,0,0,0.834,29.99,5.4
4/4/2019 21:48,1.234,0.033,0.067,0,0,0,0,0,0,0,0,0,0,0,0,0,0,0,0,0,0,0,0,0,1.334,29.99,5.4
4/4/2019 21:49,1.134,0.067,0,0,0,0,0,0,0,0,0,0,0,0,0,0,0,0,0,0,0,0,0,0,1.2,29.99,5.4
4/4/2019 21:50,1.4,0.033,0,0,0,0,0,0,0,0,0,0,0,0,0,0,0,0,0,0,0,0,0,0,1.434,29.99,5.42
4/4/2019 21:51,1.167,0,0.033,0,0,0,0,0,0,0,0,0,0,0,0,0,0,0,0,0,0,0,0,0,1.2,29.99,5.42
4/4/2019 21:52,1.267,0.133,0,0,0,0,0,0,0,0,0,0,0,0,0,0,0,0,0,0,0,0,0,0,1.4,29.99,5.33
4/4/2019 21:53,0.8,0.033,0,0,0.033,0,0,0.033,0,0,0,0,0,0,0,0,0,0,0,0,0,0,0,0,0.9,29.99,5.35
4/4/2019 21:54,1.234,0,0,0,0,0.033,0,0,0,0,0,0,0,0,0,0,0,0,0,0,0,0,0,0,1.267,29.99,5.35
4/4/2019 21:55,1,0.033,0,0,0,0,0,0,0,0,0,0,0,0,0,0,0,0,0,0,0,0,0,0,1.034,29.99,5.34
4/4/2019 21:56,1.067,0.067,0.033,0,0,0,0,0,0,0,0,0,0,0,0,0,0,0,0,0,0,0,0,0,1.167,29.99,5.35
4/4/2019 21:57,1.067,0.033,0,0,0,0,0,0,0,0,0,0,0,0,0,0,0,0,0,0,0,0,0,0,1.1,29.99,5.31
4/4/2019 21:58,1.367,0,0,0,0,0,0,0,0,0,0,0,0,0,0,0,0,0,0,0,0,0,0,0,1.367,29.99,5.31
4/4/2019 21:59,1.234,0,0,0,0,0,0,0,0,0,0,0,0,0,0,0,0,0,0,0,0,0,0,0,1.234,29.99,5.31
4/4/2019 22:00,1.1,0,0,0,0,0,0,0,0,0,0,0,0,0,0,0,0,0,0,0,0,0,0,0,1.1,29.99,5.31
4/4/2019 22:01,0.967,0.033,0.033,0,0,0,0,0,0,0,0,0,0,0,0,0,0,0,0,0,0,0,0,0,1.034,29.99,5.3
4/4/2019 22:02,1.434,0.033,0.067,0,0,0,0,0,0,0,0,0,0,0,0,0,0,0,0,0,0,0,0,0,1.534,29.99,5.33
4/4/2019 22:03,1.267,0.033,0,0,0,0,0,0,0,0,0,0,0,0,0,0,0,0,0,0,0,0,0,0,1.3,29.99,5.28
4/4/2019 22:04,1.1,0.067,0,0.033,0,0,0,0,0,0,0,0,0,0,0,0,0,0,0,0,0,0,0,0,1.2,29.99,5.33
4/4/2019 22:05,0.834,0.033,0,0,0,0,0,0,0,0,0,0,0,0,0,0,0,0,0,0,0,0,0,0,0.867,29.99,5.38
4/4/2019 22:06,0.934,0.033,0,0,0,0,0,0,0,0,0,0,0,0,0,0,0,0,0,0,0,0,0,0,0.967,29.99,5.41
4/4/2019 22:07,1,0.033,0,0,0,0,0,0,0,0,0,0,0,0,0,0,0,0,0,0,0,0,0,0,1.034,29.99,5.45
4/4/2019 22:08,0.934,0.1,0,0,0,0,0,0,0,0,0,0,0,0,0,0,0,0,0,0,0,0,0,0,1.034,29.99,5.51
4/4/2019 22:09,0.767,0.1,0.033,0,0,0,0,0,0,0,0,0,0,0,0,0,0,0,0,0,0,0,0,0,0.9,29.99,5.52
4/4/2019 22:10,1.034,0.033,0,0,0,0,0,0,0,0,0,0,0,0,0,0,0,0,0,0,0,0,0,0,1.067,29.99,5.55
4/4/2019 22:11,0.7,0.033,0,0,0,0,0,0,0,0,0,0,0,0,0,0,0,0,0,0,0,0,0,0,0.734,29.99,5.48
4/4/2019 22:12,0.934,0.133,0,0,0,0,0,0,0,0,0,0,0,0,0,0,0,0,0,0,0,0,0,0,1.067,29.99,5.53
4/4/2019 22:13,1,0.1,0,0,0,0,0,0,0,0,0,0,0,0,0,0,0,0,0,0,0,0,0,0,1.1,29.99,5.52
4/4/2019 22:14,0.934,0.133,0.1,0,0,0,0,0,0,0,0,0,0,0,0,0,0,0,0,0,0,0,0,0,1.167,29.99,5.35
4/4/2019 22:15,0.9,0,0,0,0,0,0,0,0,0,0,0,0,0,0,0,0,0,0,0,0,0,0,0,0.9,29.99,5.35
4/4/2019 22:16,1.034,0.033,0,0,0,0,0,0,0,0,0,0,0,0,0,0,0,0,0,0,0,0,0,0,1.067,29.99,5.38
4/4/2019 22:17,1.234,0.067,0,0,0,0,0,0,0,0,0,0,0,0,0,0,0,0,0,0,0,0,0,0,1.3,29.99,5.32
4/4/2019 22:18,0.767,0,0.033,0,0,0,0,0,0,0,0,0,0,0,0,0,0,0,0,0,0,0,0,0,0.8,29.99,5.32
4/4/2019 22:19,1.1,0,0.067,0,0,0,0,0,0,0,0,0,0,0,0,0,0,0,0,0,0,0,0,0,1.167,29.99,5.32
4/4/2019 22:20,1.034,0.067,0,0,0,0,0,0,0,0,0,0,0,0,0,0,0,0,0,0,0,0,0,0,1.1,29.99,5.22
4/4/2019 22:21,0.767,0.033,0,0,0,0,0,0,0,0,0,0,0,0,0,0,0,0,0,0,0,0,0,0,0.8,29.99,5.24
4/4/2019 22:22,0.934,0.033,0,0,0,0,0,0,0,0,0,0,0,0,0,0,0,0,0,0,0,0,0,0,0.967,29.99,5.26
4/4/2019 22:23,0.8,0.067,0,0,0,0,0,0,0,0,0,0,0,0,0,0,0,0,0,0,0,0,0,0,0.867,29.99,5.33
4/4/2019 22:24,0.734,0.033,0,0,0,0,0,0,0,0,0,0,0,0,0,0,0,0,0,0,0,0,0,0,0.767,29.99,5.36
4/4/2019 22:25,0.867,0.033,0,0,0,0,0,0,0,0,0,0,0,0,0,0,0,0,0,0,0,0,0,0,0.9,29.99,5.38
4/4/2019 22:26,0.734,0.067,0.033,0,0.033,0,0,0,0,0,0,0,0,0,0,0,0,0,0,0,0,0,0,0,0.867,29.99,5.34
4/4/2019 22:27,0.967,0,0,0,0,0,0,0,0,0,0,0,0,0,0,0,0,0,0,0,0,0,0,0,0.967,29.99,5.34
4/4/2019 22:28,1,0,0,0,0,0,0,0,0,0,0,0,0,0,0,0,0,0,0,0,0,0,0,0,1,29.99,5.34
4/4/2019 22:29,0.667,0.067,0.033,0,0,0,0,0,0,0,0,0,0,0,0,0,0,0,0,0,0,0,0,0,0.767,29.99,5.38
4/4/2019 22:30,0.834,0,0,0,0,0,0,0,0,0,0,0,0,0,0,0,0,0,0,0,0,0,0,0,0.834,29.99,5.38
4/4/2019 22:31,0.567,0.033,0.033,0,0,0,0,0,0,0,0,0,0,0,0,0,0,0,0,0,0,0,0,0,0.634,29.99,5.4
4/4/2019 22:32,0.9,0.033,0,0,0,0,0,0,0,0,0,0,0,0,0,0,0,0,0,0,0,0,0,0,0.934,29.99,5.42
4/4/2019 22:33,0.8,0.033,0.033,0,0,0,0,0,0,0,0,0,0,0,0,0,0,0,0,0,0,0,0,0,0.867,29.99,5.43
4/4/2019 22:34,0.6,0.033,0,0,0,0,0,0,0,0,0,0,0,0,0,0,0,0,0,0,0,0,0,0,0.634,29.99,5.43
4/4/2019 22:35,0.634,0,0,0,0,0,0,0,0,0,0,0,0,0,0,0,0,0,0,0,0,0,0,0,0.634,29.99,5.43
4/4/2019 22:36,0.9,0.1,0,0,0,0,0,0,0,0,0,0,0,0,0,0,0,0,0,0,0,0,0,0,1,29.99,5.51
4/4/2019 22:37,0.8,0.033,0,0,0,0,0,0,0,0,0,0,0,0,0,0,0,0,0,0,0,0,0,0,0.834,29.99,5.52
4/4/2019 22:38,0.934,0.067,0,0,0,0,0,0,0,0,0,0,0,0,0,0,0,0,0,0,0,0,0,0,1,29.99,5.59
4/4/2019 22:39,0.7,0.033,0,0,0,0,0,0,0,0,0,0,0,0,0,0,0,0,0,0,0,0,0,0,0.734,29.99,5.6
4/4/2019 22:40,0.7,0,0.033,0,0,0,0,0,0,0,0,0,0,0,0,0,0,0,0,0,0,0,0,0,0.734,29.99,5.6
4/4/2019 22:41,0.834,0.067,0,0,0,0,0,0,0,0,0,0,0,0,0,0,0,0,0,0,0,0,0,0,0.9,29.99,5.61
4/4/2019 22:42,0.667,0.1,0,0,0,0,0,0,0,0,0,0,0,0,0,0,0,0,0,0,0,0,0,0,0.767,29.99,5.53
4/4/2019 22:43,0.667,0,0,0,0,0,0,0,0,0,0,0,0,0,0,0,0,0,0,0,0,0,0,0,0.667,29.99,5.53
4/4/2019 22:44,0.934,0.033,0,0,0,0,0,0,0,0,0,0,0,0,0,0,0,0,0,0,0,0,0,0,0.967,29.99,5.57
4/4/2019 22:45,0.534,0.1,0,0,0,0,0,0,0,0,0,0,0,0,0,0,0,0,0,0,0,0,0,0,0.634,29.99,5.47
4/4/2019 22:46,0.6,0.133,0.033,0,0,0,0,0,0,0,0,0,0,0,0,0,0,0,0,0,0,0,0,0,0.767,29.99,5.47
4/4/2019 22:47,0.967,0,0,0,0,0,0,0,0,0,0,0,0,0,0,0,0,0,0,0,0,0,0,0,0.967,29.99,5.47
4/4/2019 22:48,0.934,0,0,0,0,0,0,0,0,0,0,0,0,0,0,0,0,0,0,0,0,0,0,0,0.934,29.99,5.47
4/4/2019 22:49,1.034,0,0,0,0,0,0,0,0,0,0,0,0,0,0,0,0,0,0,0,0,0,0,0,1.034,29.99,5.47
4/4/2019 22:50,0.6,0,0,0,0,0,0,0,0,0,0,0,0,0,0,0,0,0,0,0,0,0,0,0,0.6,29.99,5.47
4/4/2019 22:51,0.667,0,0.033,0,0,0,0,0,0,0,0,0,0,0,0,0,0,0,0,0,0,0,0,0,0.7,29.99,5.47
4/4/2019 22:52,0.767,0,0,0.033,0,0,0,0,0,0,0,0,0,0,0,0,0,0,0,0,0,0,0,0,0.8,29.99,5.47
4/4/2019 22:53,0.8,0.033,0,0,0,0,0,0,0,0,0,0,0,0,0,0,0,0,0,0,0,0,0,0,0.834,29.99,5.41
4/4/2019 22:54,0.7,0.033,0,0,0,0,0,0,0,0,0,0,0,0,0,0,0,0,0,0,0,0,0,0,0.734,29.99,5.43
4/4/2019 22:55,0.667,0,0,0,0,0,0,0,0,0,0,0,0,0,0,0,0,0,0,0,0,0,0,0,0.667,29.99,5.43
4/4/2019 22:56,0.534,0.1,0,0,0,0,0,0,0,0,0,0,0,0,0,0,0,0,0,0,0,0,0,0,0.634,29.99,5.33
4/4/2019 22:57,0.867,0.033,0,0,0,0,0,0,0,0,0,0,0,0,0,0,0,0,0,0,0,0,0,0,0.9,29.99,5.35
4/4/2019 22:58,0.6,0.033,0,0,0,0,0,0,0,0,0,0,0,0,0,0,0,0,0,0,0,0,0,0,0.634,29.99,5.39
4/4/2019 22:59,0.5,0.067,0,0,0,0,0,0,0,0,0,0,0,0,0,0,0,0,0,0,0,0,0,0,0.567,29.99,5.41
4/4/2019 23:00,0.667,0.033,0,0,0,0,0,0,0,0,0,0,0,0,0,0,0,0,0,0,0,0,0,0,0.7,29.99,5.39
4/4/2019 23:01,0.8,0,0,0.033,0,0,0,0,0,0,0,0,0,0,0,0,0,0,0,0,0,0,0,0,0.834,29.99,5.39
4/4/2019 23:02,0.6,0,0,0,0,0,0,0,0,0,0,0,0,0,0,0,0,0,0,0,0,0,0,0,0.6,29.99,5.39
4/4/2019 23:03,0.934,0,0.033,0,0,0,0,0,0,0,0,0,0,0,0,0,0,0,0,0,0,0,0,0,0.967,29.99,5.39
4/4/2019 23:04,0.634,0.033,0,0,0,0,0,0,0,0,0,0,0,0,0,0,0,0,0,0,0,0,0,0,0.667,29.99,5.4
4/4/2019 23:05,0.6,0.033,0,0,0,0,0,0,0,0,0,0,0,0,0,0,0,0,0,0,0,0,0,0,0.634,29.99,5.41
4/4/2019 23:06,0.867,0.033,0.033,0,0,0,0,0,0,0,0,0,0,0,0,0,0,0,0,0,0,0,0,0,0.934,29.99,5.39
4/4/2019 23:07,0.667,0,0.033,0,0,0,0,0,0,0,0,0,0,0,0,0,0,0,0,0,0,0,0,0,0.7,29.99,5.39
4/4/2019 23:08,0.7,0.033,0,0,0,0,0,0,0,0,0,0,0,0,0,0,0,0,0,0,0,0,0,0,0.734,29.99,5.41
4/4/2019 23:09,0.7,0.033,0,0,0,0,0,0,0,0,0,0,0,0,0,0,0,0,0,0,0,0,0,0,0.734,29.99,5.43
4/4/2019 23:10,0.667,0,0,0,0,0,0,0,0,0,0,0,0,0,0,0,0,0,0,0,0,0,0,0,0.667,29.99,5.43
4/4/2019 23:11,0.567,0.067,0,0,0,0,0,0,0,0,0,0,0,0,0,0,0,0,0,0,0,0,0,0,0.634,29.99,5.27
4/4/2019 23:12,0.5,0,0,0,0,0,0,0,0,0,0,0,0,0,0,0,0,0,0,0,0,0,0,0,0.5,29.99,5.27
4/4/2019 23:13,0.667,0.033,0,0,0,0,0,0,0,0,0,0,0,0,0,0,0,0,0,0,0,0,0,0,0.7,29.99,5.28
4/4/2019 23:14,0.7,0,0,0,0,0,0,0,0,0,0,0,0,0,0,0,0,0,0,0,0,0,0,0,0.7,29.99,5.28
4/4/2019 23:15,0.5,0.033,0,0,0,0,0,0,0,0,0,0,0,0,0,0,0,0,0,0,0,0,0,0,0.534,29.99,5.29
4/4/2019 23:16,0.5,0.033,0.033,0,0,0,0,0,0,0,0,0,0,0,0,0,0,0,0,0,0,0,0,0,0.567,29.99,5.28
4/4/2019 23:17,0.267,0.067,0,0,0,0,0,0,0,0,0,0,0,0,0,0,0,0,0,0,0,0,0,0,0.333,29.99,5.3
4/4/2019 23:18,0.433,0,0,0,0,0,0,0,0,0,0,0,0,0,0,0,0,0,0,0,0,0,0,0,0.433,29.99,5.3
4/4/2019 23:19,0.6,0,0.033,0,0.033,0,0,0,0,0,0,0,0,0,0,0,0,0,0,0,0,0,0,0,0.667,29.99,5.3
4/4/2019 23:20,0.534,0.033,0.033,0,0,0,0,0,0,0,0,0,0,0,0,0,0,0,0,0,0,0,0,0,0.6,29.99,5.34
4/4/2019 23:21,0.534,0,0,0,0,0,0,0,0,0,0,0,0,0,0,0,0,0,0,0,0,0,0,0,0.534,29.99,5.34
4/4/2019 23:22,0.667,0.033,0,0,0,0,0,0,0,0,0,0,0,0,0,0,0,0,0,0,0,0,0,0,0.7,29.99,5.37
4/4/2019 23:23,0.433,0,0.033,0,0,0,0,0,0,0,0,0,0,0,0,0,0,0,0,0,0,0,0,0,0.467,29.99,5.37
4/4/2019 23:24,0.433,0,0.033,0,0,0,0,0,0,0,0,0,0,0,0,0,0,0,0,0,0,0,0,0,0.467,29.99,5.37
4/4/2019 23:25,0.4,0,0,0,0,0,0,0,0,0,0,0,0,0,0,0,0,0,0,0,0,0,0,0,0.4,29.99,5.37
4/4/2019 23:26,0.5,0.033,0,0,0,0,0,0,0,0,0,0,0,0,0,0,0,0,0,0,0,0,0,0,0.534,29.99,5.39
4/4/2019 23:27,0.4,0,0,0,0,0,0,0,0,0,0,0,0,0,0,0,0,0,0,0,0,0,0,0,0.4,29.99,5.39
4/4/2019 23:28,0.367,0,0,0,0,0,0,0,0,0,0,0,0,0,0,0,0,0,0,0,0,0,0,0,0.367,29.99,5.39
4/4/2019 23:29,0.5,0,0,0,0,0,0,0,0,0,0,0,0,0,0,0,0,0,0,0,0,0,0,0,0.5,29.99,5.39
4/4/2019 23:30,0.6,0.1,0.033,0,0,0,0,0,0,0,0,0,0,0,0,0,0,0,0,0,0,0,0,0,0.734,29.99,5.29
4/4/2019 23:31,0.433,0.067,0,0,0,0,0,0,0,0,0,0,0,0,0,0,0,0,0,0,0,0,0,0,0.5,29.99,5.32
4/4/2019 23:32,0.4,0,0,0,0,0,0,0,0,0,0,0,0,0,0,0,0,0,0,0,0,0,0,0,0.4,29.99,5.32
4/4/2019 23:33,0.433,0,0,0.033,0,0,0,0,0,0,0,0,0,0,0,0,0,0,0,0,0,0,0,0,0.467,29.99,5.32
4/4/2019 23:34,0.367,0,0,0,0,0,0,0,0,0,0,0,0,0,0,0,0,0,0,0,0,0,0,0,0.367,29.99,5.32
4/4/2019 23:35,0.5,0,0,0.033,0,0,0,0,0,0,0,0,0,0,0,0,0,0,0,0,0,0,0,0,0.534,29.99,5.32
4/4/2019 23:36,0.5,0.067,0,0,0,0,0,0,0,0,0,0,0,0,0,0,0,0,0,0,0,0,0,0,0.567,29.99,5.31
4/4/2019 23:37,0.367,0.033,0.033,0,0,0,0,0,0,0,0,0,0,0,0,0,0,0,0,0,0,0,0,0,0.433,29.99,5.3
4/4/2019 23:38,0.367,0.033,0,0,0,0,0,0,0,0,0,0,0,0,0,0,0,0,0,0,0,0,0,0,0.4,29.99,5.33
4/4/2019 23:39,0.433,0.033,0,0,0,0,0,0,0,0,0,0,0,0,0,0,0,0,0,0,0,0,0,0,0.467,29.99,5.35
4/4/2019 23:40,0.367,0,0,0,0,0.033,0,0,0,0,0,0,0,0,0,0,0,0,0,0,0,0,0,0,0.4,29.99,5.35
4/4/2019 23:41,0.5,0.033,0,0,0,0,0,0,0,0,0,0,0,0,0,0,0,0,0,0,0,0,0,0,0.534,29.99,5.39
4/4/2019 23:42,0.4,0.133,0,0,0,0,0,0,0,0,0,0,0,0,0,0,0,0,0,0,0,0,0,0,0.534,29.99,5.44
4/4/2019 23:43,0.467,0,0,0,0,0,0,0,0,0,0,0,0,0,0,0,0,0,0,0,0,0,0,0,0.467,29.99,5.44
4/4/2019 23:44,0.433,0.033,0,0,0,0,0,0,0,0,0,0,0,0,0,0,0,0,0,0,0,0,0,0,0.467,29.99,5.49
4/4/2019 23:45,0.5,0.033,0,0,0,0,0,0,0,0,0,0,0,0,0,0,0,0,0,0,0,0,0,0,0.534,29.99,5.43
4/4/2019 23:46,0.634,0.033,0,0,0,0,0,0,0,0,0,0,0,0,0,0,0,0,0,0,0,0,0,0,0.667,29.99,5.47
4/4/2019 23:47,0.534,0.033,0,0,0,0,0,0,0,0,0,0,0,0,0,0,0,0,0,0,0,0,0,0,0.567,29.99,5.39
4/4/2019 23:48,0.5,0.033,0.067,0,0,0,0,0,0,0,0,0,0,0,0,0,0,0,0,0,0,0,0,0,0.6,29.99,5.4
4/4/2019 23:49,0.667,0.067,0,0,0,0,0,0,0,0,0,0,0,0,0,0,0,0,0,0,0,0,0,0,0.734,29.99,5.33
4/4/2019 23:50,0.6,0,0.033,0,0,0,0,0,0,0,0,0,0,0,0,0,0,0,0,0,0,0,0,0,0.634,29.99,5.33
4/4/2019 23:51,0.4,0.033,0.033,0,0,0,0,0,0,0,0,0,0,0,0,0,0,0,0,0,0,0,0,0,0.467,29.99,5.34
4/4/2019 23:52,0.667,0,0,0,0,0,0,0,0,0,0,0,0,0,0,0,0,0,0,0,0,0,0,0,0.667,29.99,5.34
4/4/2019 23:53,0.3,0,0,0,0,0,0,0,0,0,0,0,0,0,0,0,0,0,0,0,0,0,0,0,0.3,29.99,5.34
4/4/2019 23:54,0.267,0.033,0.033,0,0,0,0,0,0,0,0,0,0,0,0,0,0,0,0,0,0,0,0,0,0.333,29.99,5.35
4/4/2019 23:55,0.467,0,0.033,0,0,0,0,0,0,0,0,0,0,0,0,0,0,0,0,0,0,0,0,0,0.5,29.99,5.35
4/4/2019 23:56,0.5,0,0,0,0,0,0,0,0,0,0,0,0,0,0,0,0,0,0,0,0,0,0,0,0.5,29.99,5.35
4/4/2019 23:57,0.467,0.033,0,0,0,0,0,0,0,0,0,0,0,0,0,0,0,0,0,0,0,0,0,0,0.5,29.99,5.38
4/4/2019 23:58,0.367,0,0,0,0,0,0,0,0,0,0,0,0,0,0,0,0,0,0,0,0,0,0,0,0.367,29.99,5.38
4/4/2019 23:59,0.4,0.033,0.033,0,0,0,0,0,0,0,0,0,0,0,0,0,0,0,0,0,0,0,0,0,0.467,29.99,5.4
4/5/2019 0:00,0.333,0.067,0,0,0.033,0,0,0,0,0,0,0,0,0,0,0,0,0,0,0,0,0,0,0,0.433,29.99,5.41
4/5/2019 0:01,0.333,0.067,0,0,0,0,0,0,0,0,0,0,0,0,0,0,0,0,0,0,0,0,0,0,0.4,29.99,5.38
4/5/2019 0:02,0.333,0.033,0,0,0,0,0,0,0,0,0,0,0,0,0,0,0,0,0,0,0,0,0,0,0.367,29.99,5.41
4/5/2019 0:03,0.4,0.033,0,0,0.033,0,0,0,0,0,0,0,0,0,0,0,0,0,0,0,0,0,0,0,0.467,29.99,5.35
4/5/2019 0:04,0.367,0.067,0.033,0,0,0,0,0,0,0,0,0,0,0,0,0,0,0,0,0,0,0,0,0,0.467,29.99,5.35
4/5/2019 0:05,0.333,0.033,0,0,0,0,0,0,0,0,0,0,0,0,0,0,0,0,0,0,0,0,0,0,0.367,29.99,5.33
4/5/2019 0:06,0.634,0.033,0,0,0,0,0,0,0,0,0,0,0,0,0,0,0,0,0,0,0,0,0,0,0.667,29.99,5.31
4/5/2019 0:07,0.433,0,0,0,0,0,0,0,0,0,0,0,0,0,0,0,0,0,0,0,0,0,0,0,0.433,29.99,5.31
4/5/2019 0:08,0.367,0.033,0,0,0,0,0,0.033,0,0,0,0,0,0,0,0,0,0,0,0,0,0,0,0,0.433,29.99,5.36
4/5/2019 0:09,0.267,0.033,0,0,0,0,0,0,0,0,0,0,0,0,0,0,0,0,0,0,0,0,0,0,0.3,29.99,5.38
4/5/2019 0:10,0.5,0,0,0,0,0,0,0,0,0,0,0,0,0,0,0,0,0,0,0,0,0,0,0,0.5,29.99,5.38
4/5/2019 0:11,0.267,0.1,0,0,0,0,0,0,0,0,0,0,0,0,0,0,0,0,0,0,0,0,0,0,0.367,29.99,5.46
4/5/2019 0:12,0.3,0,0,0,0,0,0,0,0,0,0,0,0,0,0,0,0,0,0,0,0,0,0,0,0.3,29.99,5.46
4/5/2019 0:13,0.267,0.033,0,0,0.033,0,0,0,0,0,0,0,0,0,0,0,0,0,0,0,0,0,0,0,0.333,29.99,5.47
4/5/2019 0:14,0.567,0.067,0,0,0,0,0,0,0,0,0,0,0,0,0,0,0,0,0,0,0,0,0,0,0.634,29.99,5.51
4/5/2019 0:15,0.5,0,0,0.033,0,0,0,0,0,0,0,0,0,0,0,0,0,0,0,0,0,0,0,0,0.534,29.99,5.51
4/5/2019 0:16,0.333,0.033,0,0,0,0,0,0,0,0,0,0,0,0,0,0,0,0,0,0,0,0,0,0,0.367,29.99,5.45
4/5/2019 0:17,0.567,0,0,0,0,0,0,0,0,0,0,0,0,0,0,0,0,0,0,0,0,0,0,0,0.567,29.99,5.45
4/5/2019 0:18,0.6,0.033,0,0,0,0,0,0,0,0,0,0,0,0,0,0,0,0,0,0,0,0,0,0,0.634,29.99,5.47
4/5/2019 0:19,0.333,0.067,0.033,0,0,0,0,0,0,0,0,0,0,0,0,0,0,0,0,0,0,0,0,0,0.433,29.99,5.48
4/5/2019 0:20,0.267,0.067,0,0,0,0,0,0,0,0,0,0,0,0,0,0,0,0,0,0,0,0,0,0,0.333,29.99,5.42
4/5/2019 0:21,0.667,0.067,0,0,0,0,0,0,0,0,0,0,0,0,0,0,0,0,0,0,0,0,0,0,0.734,29.99,5.4
4/5/2019 0:22,0.3,0.033,0,0,0,0,0,0,0,0,0,0,0,0,0,0,0,0,0,0,0,0,0,0,0.333,29.99,5.4
4/5/2019 0:23,0.367,0.033,0.033,0,0,0,0,0,0,0,0,0,0,0,0,0,0,0,0,0,0,0,0,0,0.433,29.99,5.41
4/5/2019 0:24,0.433,0.067,0,0,0,0,0,0,0,0,0,0,0,0,0,0,0,0,0,0,0,0,0,0,0.5,29.99,5.44
4/5/2019 0:25,0.6,0.033,0,0,0,0,0,0,0,0,0,0,0,0,0,0,0,0,0,0,0,0,0,0,0.634,29.99,5.34
4/5/2019 0:26,0.734,0,0,0,0,0,0,0,0,0,0,0,0,0,0,0,0,0,0,0,0,0,0,0,0.734,29.99,5.34
4/5/2019 0:27,0.5,0.033,0.033,0,0,0,0,0,0,0,0,0,0,0,0,0,0,0,0,0,0,0,0,0,0.567,29.99,5.38
4/5/2019 0:28,0.534,0.033,0,0,0,0,0,0,0,0,0,0,0,0,0,0,0,0,0,0,0,0,0,0,0.567,29.99,5.32
4/5/2019 0:29,0.734,0.1,0,0,0,0,0,0,0,0,0,0,0,0,0,0,0,0,0,0,0,0,0,0,0.834,29.99,5.36
4/5/2019 0:30,0.7,0.033,0,0,0,0,0,0,0,0,0,0,0,0,0,0,0,0,0,0,0,0,0,0,0.734,29.99,5.4
4/5/2019 0:31,0.5,0,0,0,0,0,0,0,0,0,0,0,0,0,0,0,0,0,0,0,0,0,0,0,0.5,29.99,5.4
4/5/2019 0:32,0.5,0,0,0,0,0,0,0,0,0,0,0,0,0,0,0,0,0,0,0,0,0,0,0,0.5,29.99,5.4
4/5/2019 0:33,0.367,0.033,0.033,0,0,0,0,0,0,0,0,0,0,0,0,0,0,0,0,0,0,0,0,0,0.433,29.99,5.42
4/5/2019 0:34,0.467,0,0,0,0,0,0,0,0,0,0,0,0,0,0,0,0,0,0,0,0,0,0,0,0.467,29.99,5.42
4/5/2019 0:35,0.567,0.033,0,0,0,0,0,0,0,0,0,0,0,0,0,0,0,0,0,0,0,0,0,0,0.6,29.99,5.44
4/5/2019 0:36,0.834,0.033,0,0,0,0,0,0,0,0,0,0,0,0,0,0,0,0,0,0,0,0,0,0,0.867,29.99,5.44
4/5/2019 0:37,0.6,0,0,0,0.033,0,0,0,0,0,0,0,0,0,0,0,0,0,0,0,0,0,0,0,0.634,29.99,5.44
4/5/2019 0:38,0.767,0.067,0.033,0,0,0,0,0.033,0,0,0,0,0,0,0,0,0,0,0,0,0,0,0,0,0.9,29.99,5.46
4/5/2019 0:39,0.5,0,0,0,0.033,0,0,0,0,0,0,0,0,0,0,0,0,0,0,0,0,0,0,0,0.534,29.99,5.46
4/5/2019 0:40,0.634,0.033,0,0,0,0,0,0,0,0,0,0,0,0,0,0,0,0,0,0,0,0,0,0,0.667,29.99,5.48
4/5/2019 0:41,0.367,0.033,0,0,0,0,0,0,0,0,0,0,0,0,0,0,0,0,0,0,0,0,0,0,0.4,29.99,5.47
4/5/2019 0:42,0.8,0.1,0,0,0,0,0,0,0,0,0,0,0,0,0,0,0,0,0,0,0,0,0,0,0.9,29.99,5.51
4/5/2019 0:43,0.8,0,0,0,0,0,0.033,0,0,0,0,0,0,0,0,0,0,0,0,0,0,0,0,0,0.834,29.99,5.51
4/5/2019 0:44,0.467,0.033,0,0,0,0,0,0,0,0,0,0,0,0,0,0,0,0,0,0,0,0,0,0,0.5,29.99,5.43
4/5/2019 0:45,0.767,0.067,0,0,0,0,0.033,0,0,0,0,0,0,0,0,0,0,0,0,0,0,0,0,0,0.867,29.99,5.43
4/5/2019 0:46,0.5,0.033,0,0,0,0,0,0,0,0,0,0,0,0,0,0,0,0,0,0,0,0,0,0,0.534,29.99,5.33
4/5/2019 0:47,0.433,0,0,0,0,0,0,0,0,0,0,0,0,0,0,0,0,0,0,0,0,0,0,0,0.433,29.99,5.33
4/5/2019 0:48,0.467,0.033,0,0,0,0,0,0,0,0,0,0,0,0,0,0,0,0,0,0,0,0,0,0,0.5,29.99,5.25
4/5/2019 0:49,0.5,0.067,0.067,0,0,0,0,0,0,0,0,0,0,0,0,0,0,0,0,0,0,0,0,0,0.634,29.99,5.27
4/5/2019 0:50,0.7,0.133,0,0,0,0,0,0,0,0,0,0,0,0,0,0,0,0,0,0,0,0,0,0,0.834,29.99,5.25
4/5/2019 0:51,0.3,0,0,0,0,0,0,0,0,0,0,0,0,0,0,0,0,0,0,0,0,0,0,0,0.3,29.99,5.25
4/5/2019 0:52,0.634,0.033,0,0,0,0,0,0,0,0,0,0,0,0,0,0,0,0,0,0,0,0,0,0,0.667,29.99,5.21
4/5/2019 0:53,0.7,0.067,0,0,0.033,0,0,0,0,0,0,0,0,0,0,0,0,0,0,0,0,0,0,0,0.8,29.99,5.2
4/5/2019 0:54,0.667,0.033,0,0,0,0,0,0,0,0,0,0,0,0,0,0,0,0,0,0,0,0,0,0,0.7,29.99,5.13
4/5/2019 0:55,0.634,0.067,0,0,0,0,0,0,0,0,0,0,0,0,0,0,0,0,0,0,0,0,0,0,0.7,29.99,5.09
4/5/2019 0:56,0.333,0.067,0,0,0,0,0,0,0,0,0,0,0,0,0,0,0,0,0,0,0,0,0,0,0.4,29.99,5.1
4/5/2019 0:57,0.634,0.033,0,0,0,0,0,0,0,0,0,0,0,0,0,0,0,0,0,0,0,0,0,0,0.667,29.99,5.12
4/5/2019 0:58,0.467,0.1,0,0,0,0,0,0,0,0,0,0,0,0,0,0,0,0,0,0,0,0,0,0,0.567,29.99,5.06
4/5/2019 0:59,0.333,0,0,0,0,0,0,0,0,0,0,0,0,0,0,0,0,0,0,0,0,0,0,0,0.333,29.99,5.06
4/5/2019 1:00,0.6,0,0,0,0,0,0,0,0,0,0,0,0,0,0,0,0,0,0,0,0,0,0,0,0.6,29.99,5.06
4/5/2019 1:01,0.734,0,0,0,0,0,0,0,0,0,0,0,0,0,0,0,0,0,0,0,0,0,0,0,0.734,29.99,5.06
4/5/2019 1:02,0.5,0.033,0,0,0,0,0,0,0,0,0,0,0,0,0,0,0,0,0,0,0,0,0,0,0.534,29.99,5.1
4/5/2019 1:03,0.667,0.033,0,0,0,0,0,0,0,0,0,0,0,0,0,0,0,0,0,0,0,0,0,0,0.7,29.99,5.09
4/5/2019 1:04,0.4,0.067,0,0.033,0,0,0,0,0,0,0,0,0,0,0,0,0,0,0,0,0,0,0,0,0.5,29.99,5.05
4/5/2019 1:05,0.467,0,0,0,0,0,0,0,0,0,0,0,0,0,0,0,0,0,0,0,0,0,0,0,0.467,29.99,5.05
4/5/2019 1:06,0.867,0,0,0,0,0,0,0,0,0,0,0,0,0,0,0,0,0,0,0,0,0,0,0,0.867,29.99,5.05
4/5/2019 1:07,0.367,0,0,0,0,0,0,0,0,0,0,0,0,0,0,0,0,0,0,0,0,0,0,0,0.367,29.99,5.05
4/5/2019 1:08,0.8,0.067,0.033,0,0,0,0,0,0,0,0,0,0,0,0,0,0,0,0,0,0,0,0,0,0.9,29.99,5.04
4/5/2019 1:09,0.834,0.033,0.033,0,0,0,0,0,0,0,0,0,0,0,0,0,0,0,0,0,0,0,0,0,0.9,29.99,5.07
4/5/2019 1:10,0.667,0.067,0,0,0,0,0,0,0,0,0,0,0,0,0,0,0,0,0,0,0,0,0,0,0.734,29.99,5.05
4/5/2019 1:11,0.7,0,0,0,0,0,0,0,0,0,0,0,0,0,0,0,0,0,0,0,0,0,0,0,0.7,29.99,5.05
4/5/2019 1:12,0.667,0,0.033,0,0,0,0,0,0,0,0,0,0,0,0,0,0,0,0,0,0,0,0,0,0.7,29.99,5.05
4/5/2019 1:13,0.567,0.033,0,0,0,0,0,0,0,0,0,0,0,0,0,0,0,0,0,0,0,0,0,0,0.6,29.99,5.06
4/5/2019 1:14,0.333,0.133,0,0,0,0,0,0,0,0,0,0,0,0,0,0,0,0,0,0,0,0,0,0,0.467,29.99,5.06
4/5/2019 1:15,0.467,0.033,0,0,0,0,0,0,0,0,0,0,0,0,0,0,0,0,0,0,0,0,0,0,0.5,29.99,5.06
4/5/2019 1:16,0.567,0,0,0,0,0,0,0,0,0,0,0,0,0,0,0,0,0,0,0,0,0,0,0,0.567,29.99,5.06
4/5/2019 1:17,0.734,0.033,0,0,0,0,0,0,0,0,0,0,0,0,0,0,0,0,0,0,0,0,0,0,0.767,29.99,5.05
4/5/2019 1:18,0.8,0.067,0,0,0,0,0,0,0,0,0,0,0,0,0,0,0,0,0,0,0,0,0,0,0.867,29.99,5
4/5/2019 1:19,0.634,0,0,0,0,0,0,0,0,0,0,0,0,0,0,0,0,0,0,0,0,0,0,0,0.634,29.99,5
4/5/2019 1:20,0.567,0.033,0,0,0,0,0,0,0,0,0,0,0,0,0,0,0,0,0,0,0,0,0,0,0.6,29.99,4.99
4/5/2019 1:21,0.467,0.033,0,0,0,0,0,0,0,0,0,0,0,0,0,0,0,0,0,0,0,0,0,0,0.5,29.99,5
4/5/2019 1:22,0.7,0,0.033,0,0.033,0,0,0,0,0,0,0,0,0,0,0,0,0,0,0,0,0,0,0,0.767,29.99,5
4/5/2019 1:23,0.634,0.033,0,0,0,0,0,0,0,0,0,0,0,0,0,0,0,0,0,0,0,0,0,0,0.667,29.99,5.01
4/5/2019 1:24,0.433,0.067,0,0,0,0,0,0,0,0,0,0,0,0,0,0,0,0,0,0,0,0,0,0,0.5,29.99,4.99
4/5/2019 1:25,0.634,0.133,0,0,0,0,0,0,0,0,0,0,0,0,0,0,0,0,0,0,0,0,0,0,0.767,29.99,5.01
4/5/2019 1:26,0.567,0.033,0,0,0,0,0,0,0,0,0,0,0,0,0,0,0,0,0,0,0,0,0,0,0.6,29.99,5.02
4/5/2019 1:27,0.5,0.067,0,0,0,0,0,0,0,0,0,0,0,0,0,0,0,0,0,0,0,0,0,0,0.567,29.99,5.05
4/5/2019 1:28,0.367,0.1,0.033,0,0,0,0,0,0,0,0,0,0,0,0,0,0,0,0,0,0,0,0,0,0.5,29.99,5.01
4/5/2019 1:29,0.534,0,0,0,0,0,0,0,0,0,0,0,0,0,0,0,0,0,0,0,0,0,0,0,0.534,29.99,5.01
4/5/2019 1:30,0.4,0.067,0,0,0,0,0,0,0,0,0,0,0,0,0,0,0,0,0,0,0,0,0,0,0.467,29.99,5.02
4/5/2019 1:31,0.534,0,0,0,0,0,0,0,0,0,0,0,0,0,0,0,0,0,0,0,0,0,0,0,0.534,29.99,5.02
4/5/2019 1:32,0.7,0,0,0,0,0,0,0,0,0,0,0,0,0,0,0,0,0,0,0,0,0,0,0,0.7,29.99,5.02
4/5/2019 1:33,0.734,0.033,0,0,0,0,0,0,0,0,0,0,0,0,0,0,0,0,0,0,0,0,0,0,0.767,29.99,5.06
4/5/2019 1:34,0.433,0,0,0,0,0,0,0,0,0,0,0,0,0,0,0,0,0,0,0,0,0,0,0,0.433,29.99,5.06
4/5/2019 1:35,0.367,0.033,0.033,0,0,0,0,0,0,0,0,0,0,0,0,0,0,0,0,0,0,0,0,0,0.433,29.99,5.04
4/5/2019 1:36,0.367,0,0.033,0,0,0,0,0,0,0,0,0,0,0,0,0,0,0,0,0,0,0,0,0,0.4,29.99,5.04
4/5/2019 1:37,0.634,0.033,0,0,0,0,0,0,0,0,0,0,0,0,0,0,0,0,0,0,0,0,0,0,0.667,29.99,5.05
4/5/2019 1:38,0.734,0.033,0.033,0,0,0,0,0,0,0,0,0,0,0,0,0,0,0,0,0,0,0,0,0,0.8,29.99,5.05
4/5/2019 1:39,0.5,0.033,0.033,0,0,0,0,0,0,0,0,0,0,0,0,0,0,0,0,0,0,0,0,0,0.567,29.99,5.07
4/5/2019 1:40,0.734,0,0,0,0,0,0,0,0,0,0,0,0,0,0,0,0,0,0,0,0,0,0,0,0.734,29.99,5.07
4/5/2019 1:41,0.467,0,0,0.033,0,0,0,0,0,0,0,0,0,0,0,0,0,0,0,0,0,0,0,0,0.5,29.99,5.07
4/5/2019 1:42,0.634,0.033,0,0,0,0,0,0,0,0,0,0,0,0,0,0,0,0,0,0,0,0,0,0,0.667,29.99,5.06
4/5/2019 1:43,0.433,0.033,0,0,0,0,0,0,0,0,0,0,0,0,0,0,0,0,0,0,0,0,0,0,0.467,29.99,5.08
4/5/2019 1:44,0.367,0,0,0,0,0,0,0,0,0,0,0,0,0,0,0,0,0,0,0,0,0,0,0,0.367,29.99,5.08
4/5/2019 1:45,0.267,0.033,0,0,0,0,0,0,0,0,0,0,0,0,0,0,0,0,0,0,0,0,0,0,0.3,29.99,5.09
4/5/2019 1:46,0.767,0,0,0,0,0,0,0,0,0,0,0,0,0,0,0,0,0,0,0,0,0,0,0,0.767,29.99,5.09
4/5/2019 1:47,0.834,0.067,0,0,0,0,0,0,0,0,0,0,0,0,0,0,0,0,0,0,0,0,0,0,0.9,29.99,5.03
4/5/2019 1:48,0.567,0,0,0,0,0,0,0,0,0,0,0,0,0,0,0,0,0,0,0,0,0,0,0,0.567,29.99,5.03
4/5/2019 1:49,0.534,0.067,0,0,0,0,0,0,0,0,0,0,0,0,0,0,0,0,0,0,0,0,0,0,0.6,29.99,5.08
4/5/2019 1:50,0.467,0.033,0.033,0,0,0,0,0,0,0,0,0,0,0,0,0,0,0,0,0,0,0,0,0,0.534,29.99,5.11
4/5/2019 1:51,0.4,0.067,0,0,0,0,0,0,0,0,0,0,0,0,0,0,0,0,0,0,0,0,0,0,0.467,29.99,5.05
4/5/2019 1:52,0.634,0.067,0.067,0,0,0,0,0,0,0,0,0,0,0,0,0,0,0,0,0,0,0,0,0,0.767,29.99,5.02
4/5/2019 1:53,0.6,0.033,0,0,0,0.033,0,0,0,0,0,0,0,0,0,0,0,0,0,0,0,0,0,0,0.667,29.99,5.02
4/5/2019 1:54,0.467,0,0,0,0,0,0,0,0,0,0,0,0,0,0,0,0,0,0,0,0,0,0,0,0.467,29.99,5.02
4/5/2019 1:55,0.534,0,0,0,0,0,0,0,0,0,0,0,0,0,0,0,0,0,0,0,0,0,0,0,0.534,29.99,5.02
4/5/2019 1:56,0.433,0,0,0,0,0,0,0,0,0,0,0,0,0,0,0,0,0,0,0,0,0,0,0,0.433,29.99,5.02
4/5/2019 1:57,0.267,0.033,0,0,0,0,0,0,0,0,0,0,0,0,0,0,0,0,0,0,0,0,0,0,0.3,29.99,5.03
4/5/2019 1:58,0.567,0.033,0,0,0,0,0,0,0,0,0,0,0,0,0,0,0,0,0,0,0,0,0,0,0.6,29.99,5.05
4/5/2019 1:59,0.534,0,0,0,0,0,0,0,0,0,0,0,0,0,0,0,0,0,0,0,0,0,0,0,0.534,29.99,5.05
4/5/2019 2:00,0.433,0.1,0,0,0,0,0,0,0,0,0,0,0,0,0,0,0,0,0,0,0,0,0,0,0.534,29.99,5.09
4/5/2019 2:01,0.567,0.033,0,0.033,0,0,0,0,0,0.033,0,0,0,0,0,0,0,0,0,0,0,0,0,0,0.667,29.99,5.09
4/5/2019 2:02,0.5,0.1,0,0,0,0,0,0,0,0,0,0,0,0,0,0,0,0,0,0,0,0,0,0,0.6,29.99,5.1
4/5/2019 2:03,0.667,0,0,0,0,0,0,0,0,0,0,0,0,0,0,0,0,0,0,0,0,0,0,0,0.667,29.99,5.1
4/5/2019 2:04,0.367,0.033,0,0,0,0,0,0,0,0,0,0,0,0,0,0,0,0,0,0,0,0,0,0,0.4,29.99,5.09
4/5/2019 2:05,0.534,0.1,0,0,0,0,0,0,0,0,0,0,0,0,0,0,0,0,0,0,0,0,0,0,0.634,29.99,5.16
4/5/2019 2:06,0.367,0.033,0,0,0,0,0,0,0,0,0,0,0,0,0,0,0,0,0,0,0,0,0,0,0.4,29.99,5.14
4/5/2019 2:07,0.6,0.1,0,0,0,0,0,0,0,0,0,0,0,0,0,0,0,0,0,0,0,0,0,0,0.7,29.99,5
4/5/2019 2:08,0.567,0.067,0,0,0,0,0,0,0,0,0,0,0,0,0,0,0,0,0,0,0,0,0,0,0.634,29.99,4.97
4/5/2019 2:09,0.534,0.033,0,0,0.033,0,0,0,0,0,0,0,0,0,0,0,0,0,0,0,0,0,0,0,0.6,29.99,4.99
4/5/2019 2:10,0.5,0.033,0.033,0,0,0,0,0,0,0,0,0,0,0,0,0,0,0,0,0,0,0,0,0,0.567,29.99,5.02
4/5/2019 2:11,0.634,0.033,0,0,0,0,0,0,0,0,0,0,0,0,0,0,0,0,0,0,0,0,0,0,0.667,29.99,5
4/5/2019 2:12,0.5,0.067,0,0,0,0,0,0,0,0,0,0,0,0,0,0,0,0,0,0,0,0,0,0,0.567,29.99,4.94
4/5/2019 2:13,0.4,0.1,0,0,0,0,0,0,0,0,0,0,0,0,0,0,0,0,0,0,0,0,0,0,0.5,29.99,4.92
4/5/2019 2:14,0.734,0.033,0.033,0,0,0,0,0,0,0,0,0,0,0,0,0,0,0,0,0,0,0,0,0,0.8,29.99,4.86
4/5/2019 2:15,0.6,0,0,0,0,0,0,0,0,0,0,0,0,0,0,0,0,0,0,0,0,0,0,0,0.6,29.99,4.86
4/5/2019 2:16,0.5,0.1,0,0,0,0,0,0,0,0,0,0,0,0,0,0,0,0,0,0,0,0,0,0,0.6,29.99,4.88
4/5/2019 2:17,0.333,0.067,0,0,0.033,0,0,0,0,0,0,0,0,0,0,0,0,0,0,0,0,0,0,0,0.433,29.99,4.9
4/5/2019 2:18,0.534,0.033,0.033,0,0,0,0,0,0,0,0,0,0,0,0,0,0,0,0,0,0,0,0,0,0.6,29.99,4.87
4/5/2019 2:19,0.233,0.033,0,0,0,0,0,0,0,0,0,0,0,0,0,0,0,0,0,0,0,0,0,0,0.267,29.99,4.84
4/5/2019 2:20,0.5,0.067,0,0,0,0,0,0,0,0,0,0,0,0,0,0,0,0,0,0,0,0,0,0,0.567,29.99,4.84
4/5/2019 2:21,0.433,0.033,0,0,0,0,0,0,0,0,0,0,0,0,0,0,0,0,0,0,0,0,0,0,0.467,29.99,4.87
4/5/2019 2:22,0.567,0.033,0,0,0,0,0,0,0,0,0,0,0,0,0,0,0,0,0,0,0,0,0,0,0.6,29.99,4.86
4/5/2019 2:23,0.433,0.033,0.033,0,0,0,0,0,0,0,0,0,0,0,0,0,0,0,0,0,0,0,0,0,0.5,29.99,4.88
4/5/2019 2:24,0.5,0.033,0,0,0,0,0,0,0,0,0,0,0,0,0,0,0,0,0,0,0,0,0,0,0.534,29.99,4.91
4/5/2019 2:25,0.534,0.033,0.033,0,0,0,0.033,0,0,0,0,0,0,0,0,0,0,0,0,0,0,0,0,0,0.634,29.99,4.94
4/5/2019 2:26,0.567,0,0,0,0,0,0,0,0,0,0,0,0,0,0,0,0,0,0,0,0,0,0,0,0.567,29.99,4.94
4/5/2019 2:27,0.333,0,0,0,0,0,0,0,0,0,0,0,0,0,0,0,0,0,0,0,0,0,0,0,0.333,29.99,4.94
4/5/2019 2:28,0.5,0.033,0,0,0,0,0,0,0,0,0,0,0,0,0,0,0,0,0,0,0,0,0,0,0.534,29.99,4.96
4/5/2019 2:29,0.6,0,0.033,0,0,0,0,0,0,0,0,0,0,0,0,0,0,0,0,0,0,0,0,0,0.634,29.99,4.96
4/5/2019 2:30,0.467,0.067,0,0,0,0,0,0,0,0,0,0,0,0,0,0,0,0,0,0,0,0,0,0,0.534,29.99,4.97
4/5/2019 2:31,0.7,0,0,0,0,0,0,0,0,0,0,0,0,0,0,0,0,0,0,0,0,0,0,0,0.7,29.99,4.97
4/5/2019 2:32,0.6,0.033,0,0,0.033,0,0.033,0,0,0,0,0,0,0,0,0,0,0,0,0,0,0,0,0,0.7,29.99,4.95
4/5/2019 2:33,0.333,0.033,0,0,0,0,0,0,0,0,0,0,0,0,0,0,0,0,0,0,0,0,0,0,0.367,29.99,4.97
4/5/2019 2:34,0.333,0.033,0,0,0,0,0,0,0,0,0,0,0,0,0,0,0,0,0,0,0,0,0,0,0.367,29.99,5.01
4/5/2019 2:35,0.567,0.033,0.033,0,0,0,0,0,0,0,0,0,0,0,0,0,0,0,0,0,0,0,0,0,0.634,29.99,5.04
4/5/2019 2:36,0.467,0.033,0,0,0.033,0,0,0,0,0,0,0,0,0,0,0,0,0,0,0,0,0,0,0,0.534,29.99,5.06
4/5/2019 2:37,0.433,0.033,0.033,0,0,0,0,0,0,0,0,0,0,0,0,0,0,0,0,0,0,0,0,0,0.5,29.99,5.09
4/5/2019 2:38,0.3,0.067,0.033,0,0,0,0,0,0,0,0,0,0,0,0,0,0,0,0,0,0,0,0,0,0.4,29.99,5.07
4/5/2019 2:39,0.567,0.033,0,0,0,0,0,0,0,0,0,0,0,0,0,0,0,0,0,0,0,0,0,0,0.6,29.99,5.04
4/5/2019 2:40,0.7,0.133,0,0,0,0,0,0,0,0,0,0,0,0,0,0,0,0,0,0,0,0,0,0,0.834,29.99,5.11
4/5/2019 2:41,0.567,0.033,0,0,0,0,0,0,0,0,0,0,0,0,0,0,0,0,0,0,0,0,0,0,0.6,29.99,5.12
4/5/2019 2:42,0.367,0.133,0.033,0,0,0.033,0,0,0,0,0,0,0,0,0,0,0,0,0,0,0,0,0,0,0.567,29.99,5.08
4/5/2019 2:43,0.433,0,0.033,0,0,0,0,0,0,0,0,0,0,0,0,0,0,0,0,0,0,0,0,0,0.467,29.99,5.08
4/5/2019 2:44,0.233,0.1,0.033,0,0,0,0,0,0,0,0,0,0,0,0,0,0,0,0,0,0,0,0,0,0.367,29.99,5.11
4/5/2019 2:45,0.567,0,0.033,0,0,0,0,0.033,0,0,0,0,0,0,0,0,0,0,0,0,0,0,0,0,0.634,29.99,5.11
4/5/2019 2:46,0.534,0.033,0,0,0,0,0,0,0,0,0,0,0,0,0,0,0,0,0,0,0,0,0,0,0.567,29.99,5.08
4/5/2019 2:47,0.333,0,0,0,0,0,0,0,0,0,0,0,0,0,0,0,0,0,0,0,0,0,0,0,0.333,29.99,5.08
4/5/2019 2:48,0.467,0.067,0,0,0,0,0,0,0,0,0,0,0,0,0,0,0,0,0,0,0,0,0,0,0.534,29.99,5.09
4/5/2019 2:49,0.6,0.033,0,0,0,0.033,0,0,0,0,0,0,0,0,0,0,0,0,0,0,0,0,0,0,0.667,29.99,5.11
4/5/2019 2:50,0.5,0.033,0,0,0,0,0,0,0,0,0,0,0,0,0,0,0,0,0,0,0,0,0,0,0.534,29.99,5.16
4/5/2019 2:51,0.4,0.033,0,0,0,0,0,0,0,0,0,0,0,0,0,0,0,0,0,0,0,0,0,0,0.433,29.99,5.16
4/5/2019 2:52,0.467,0.033,0,0,0,0,0,0,0,0,0,0,0,0,0,0,0,0,0,0,0,0,0,0,0.5,29.99,5.2
4/5/2019 2:53,0.3,0,0,0,0,0.033,0.033,0,0,0,0,0,0,0,0,0,0,0,0,0,0,0,0,0,0.367,29.99,5.2
4/5/2019 2:54,0.534,0,0,0,0,0,0,0,0,0,0,0,0,0,0,0,0,0,0,0,0,0,0,0,0.534,29.99,5.2
4/5/2019 2:55,0.567,0,0.033,0,0,0,0,0,0,0,0,0,0,0,0,0,0,0,0,0,0,0,0,0,0.6,29.99,5.2
4/5/2019 2:56,0.3,0,0,0,0,0,0,0,0,0,0,0,0,0,0,0,0,0,0,0,0,0,0,0,0.3,29.99,5.2
4/5/2019 2:57,0.4,0,0,0,0,0,0,0,0,0,0,0,0,0,0,0,0,0,0,0,0,0,0,0,0.4,29.99,5.2
4/5/2019 2:58,0.634,0,0.033,0,0,0,0,0,0,0,0,0,0,0,0,0,0,0,0,0,0,0,0,0,0.667,29.99,5.2
4/5/2019 2:59,0.333,0.133,0,0,0,0,0,0,0,0,0,0,0,0,0,0,0,0,0,0,0,0,0,0,0.467,29.99,5.23
4/5/2019 3:00,0.8,0.1,0,0,0,0,0,0,0,0,0,0,0,0,0,0,0,0,0,0,0,0,0,0,0.9,29.99,5.28
4/5/2019 3:01,0.333,0.067,0,0,0,0,0,0,0,0,0,0,0,0,0,0,0,0,0,0,0,0,0,0,0.4,29.99,5.3
4/5/2019 3:02,0.5,0,0,0,0,0,0,0,0,0,0,0,0,0,0,0,0,0,0,0,0,0,0,0,0.5,29.99,5.3
4/5/2019 3:03,0.433,0.033,0,0,0,0,0,0,0,0,0,0,0,0,0,0,0,0,0,0,0,0,0,0,0.467,29.99,5.26
4/5/2019 3:04,0.333,0.1,0,0,0,0,0,0,0,0,0,0,0,0,0,0,0,0,0,0,0,0,0,0,0.433,29.99,5.17
4/5/2019 3:05,0.367,0.033,0,0,0,0,0,0,0,0,0,0,0,0,0,0,0,0,0,0,0,0,0,0,0.4,29.99,5.19
4/5/2019 3:06,0.4,0.067,0,0,0,0,0,0,0,0,0,0,0,0,0,0,0,0,0,0,0,0,0,0,0.467,29.99,5.23
4/5/2019 3:07,0.467,0.067,0,0,0,0,0,0,0,0,0,0,0,0,0,0,0,0,0,0,0,0,0,0,0.534,29.99,5.19
4/5/2019 3:08,0.6,0.067,0,0,0,0,0,0,0,0,0,0,0,0,0,0,0,0,0,0,0,0,0,0,0.667,29.99,5.17
4/5/2019 3:09,0.4,0.033,0,0,0,0,0,0,0,0,0,0,0,0,0,0,0,0,0,0,0,0,0,0,0.433,29.99,5.15
4/5/2019 3:10,0.367,0.067,0,0,0,0,0,0,0,0,0,0,0,0,0,0,0,0,0,0,0,0,0,0,0.433,29.99,5.17
4/5/2019 3:11,0.3,0.033,0,0,0,0,0,0,0,0,0,0,0,0,0,0,0,0,0,0,0,0,0,0,0.333,29.99,5.2
4/5/2019 3:12,0.333,0.033,0.033,0,0,0,0,0,0,0,0,0,0,0,0,0,0,0,0,0,0,0,0,0,0.4,29.99,5.21
4/5/2019 3:13,0.3,0.1,0,0,0,0,0,0,0,0,0,0,0,0,0,0,0,0,0,0,0,0,0,0,0.4,29.99,5.23
4/5/2019 3:14,0.6,0,0,0,0,0,0,0,0,0,0,0,0,0,0,0,0,0,0,0,0,0,0,0,0.6,29.99,5.23
4/5/2019 3:15,0.3,0.033,0,0,0,0,0,0,0,0,0,0,0,0,0,0,0,0,0,0,0,0,0,0,0.333,29.99,5.25
4/5/2019 3:16,0.5,0,0,0,0,0,0,0,0,0,0,0,0,0,0,0,0,0,0,0,0,0,0,0,0.5,29.99,5.25
4/5/2019 3:17,0.534,0,0,0,0,0,0,0,0,0,0,0,0,0,0,0,0,0,0,0,0,0,0,0,0.534,29.99,5.25
4/5/2019 3:18,0.467,0.067,0,0,0.033,0,0,0,0,0,0,0,0,0,0,0,0,0,0,0,0,0,0,0,0.567,29.99,5.24
4/5/2019 3:19,0.433,0.033,0,0,0,0,0,0,0,0,0,0,0,0,0,0,0,0,0,0,0,0,0,0,0.467,29.99,5.26
4/5/2019 3:20,0.534,0.033,0,0,0,0,0,0,0,0,0,0,0,0,0,0,0,0,0,0,0,0,0,0,0.567,29.99,5.23
4/5/2019 3:21,0.133,0.033,0,0,0.033,0,0,0,0,0,0,0,0,0,0,0,0,0,0,0,0,0,0,0,0.2,29.99,5.25
4/5/2019 3:22,0.367,0.067,0,0,0,0,0,0,0,0,0,0,0,0,0,0,0,0,0,0,0,0,0,0,0.433,29.99,5.24
4/5/2019 3:23,0.3,0,0,0,0.033,0,0,0,0,0,0,0,0,0,0,0,0,0,0,0,0,0,0,0,0.333,29.99,5.24
4/5/2019 3:24,0.467,0.033,0,0,0,0,0,0,0,0,0,0,0,0,0,0,0,0,0,0,0,0,0,0,0.5,29.99,5.25
4/5/2019 3:25,0.367,0.067,0,0.033,0,0,0,0,0,0,0,0,0,0,0,0,0,0,0,0,0,0,0,0,0.467,29.99,5.25
4/5/2019 3:26,0.4,0,0.033,0,0,0,0,0,0,0,0,0,0,0,0,0,0,0,0,0,0,0,0,0,0.433,29.99,5.25
4/5/2019 3:27,0.2,0,0,0,0,0,0,0,0,0,0,0,0,0,0,0,0,0,0,0,0,0,0,0,0.2,29.99,5.25
4/5/2019 3:28,0.6,0.067,0,0,0,0,0,0,0,0,0,0,0.033,0,0,0,0,0,0,0,0,0,0,0,0.7,29.99,5.27
4/5/2019 3:29,0.2,0,0,0,0,0,0,0,0,0,0,0,0,0,0,0,0,0,0,0,0,0,0,0,0.2,29.99,5.27
4/5/2019 3:30,0.3,0.067,0.033,0,0,0,0,0,0,0,0,0,0,0,0,0,0,0,0,0,0,0,0,0,0.4,29.99,5.31
4/5/2019 3:31,0.133,0,0,0,0,0,0,0,0,0,0,0,0,0,0,0,0,0,0,0,0,0,0,0,0.133,29.99,5.31
4/5/2019 3:32,0.333,0.033,0.033,0,0,0,0,0,0,0,0,0,0,0,0,0,0,0,0,0,0,0,0,0,0.4,29.99,5.31
4/5/2019 3:33,0.3,0,0,0.033,0,0,0,0,0,0,0,0,0,0,0,0,0,0,0,0,0,0,0,0,0.333,29.99,5.31
4/5/2019 3:34,0.367,0.033,0,0,0,0,0,0,0,0,0,0,0,0,0,0,0,0,0,0,0,0,0,0,0.4,29.99,5.31
4/5/2019 3:35,0.333,0.033,0,0,0,0,0,0,0,0,0,0,0,0,0,0,0,0,0,0,0,0,0,0,0.367,29.99,5.29
4/5/2019 3:36,0.3,0.033,0.033,0,0,0,0,0,0,0,0,0,0,0,0,0,0,0,0,0,0,0,0,0,0.367,29.99,5.29
4/5/2019 3:37,0.133,0.067,0.033,0,0,0,0,0,0,0,0,0,0,0,0,0,0,0,0,0,0,0,0,0,0.233,29.99,5.33
4/5/2019 3:38,0.233,0,0,0,0,0,0,0,0,0,0,0,0,0,0,0,0,0,0,0,0,0,0,0,0.233,29.99,5.33
4/5/2019 3:39,0.3,0,0,0,0,0,0,0,0,0,0,0,0,0,0,0,0,0,0,0,0,0,0,0,0.3,29.99,5.33
4/5/2019 3:40,0.4,0,0,0,0,0,0,0,0,0,0,0,0,0,0,0,0,0,0,0,0,0,0,0,0.4,29.99,5.33
4/5/2019 3:41,0.367,0,0,0,0,0,0,0,0,0,0,0,0,0,0,0,0,0,0,0,0,0,0,0,0.367,29.99,5.33
4/5/2019 3:42,0.4,0,0.033,0,0,0,0,0,0,0,0,0,0,0,0,0,0,0,0,0,0,0,0,0,0.433,29.99,5.33
4/5/2019 3:43,0.367,0,0,0,0,0,0,0,0,0,0,0,0,0,0,0,0,0,0,0,0,0,0,0,0.367,29.99,5.33
4/5/2019 3:44,0.267,0,0,0,0,0,0,0,0,0,0,0,0,0,0,0,0,0,0,0,0,0,0,0,0.267,29.99,5.33
4/5/2019 3:45,0.433,0.167,0,0,0,0,0,0,0,0,0,0,0,0,0,0,0,0,0,0,0,0,0,0,0.6,29.99,5.24
4/5/2019 3:46,0.3,0.033,0,0,0,0,0,0,0,0,0,0,0,0,0,0,0,0,0,0,0,0,0,0,0.333,29.99,5.27
4/5/2019 3:47,0.2,0.033,0,0,0,0,0,0,0,0,0,0,0,0,0,0,0,0,0,0,0,0,0,0,0.233,29.99,5.23
4/5/2019 3:48,0.534,0,0,0,0,0,0,0,0,0,0,0,0,0,0,0,0,0,0,0,0,0,0,0,0.534,29.99,5.23
4/5/2019 3:49,0.367,0.067,0,0,0,0,0,0,0,0,0,0,0,0,0,0,0,0,0,0,0,0,0,0,0.433,29.99,5.28
4/5/2019 3:50,0.3,0,0.033,0,0,0,0,0,0,0,0,0,0,0,0,0,0,0,0,0,0,0,0,0,0.333,29.99,5.28
4/5/2019 3:51,0.267,0,0,0,0,0,0,0,0,0,0,0,0,0,0,0,0,0,0,0,0,0,0,0,0.267,29.99,5.28
4/5/2019 3:52,0.367,0.033,0.067,0,0,0,0,0,0,0,0,0,0,0,0,0,0,0,0,0,0,0,0,0,0.467,29.99,5.28
4/5/2019 3:53,0.367,0,0.033,0,0,0,0,0,0,0,0,0,0,0,0,0,0,0,0,0,0,0,0,0,0.4,29.99,5.28
4/5/2019 3:54,0.433,0,0,0,0,0,0,0,0,0,0,0,0,0,0,0,0,0,0,0,0,0,0,0,0.433,29.99,5.28
4/5/2019 3:55,0.267,0.033,0,0,0,0,0,0,0,0,0,0,0,0,0,0,0,0,0,0,0,0,0,0,0.3,29.99,5.31
4/5/2019 3:56,0.333,0.067,0.033,0,0,0,0,0,0,0,0,0,0,0,0,0,0,0,0,0,0,0,0,0,0.433,29.99,5.38
4/5/2019 3:57,0.4,0,0,0,0,0,0,0,0,0,0,0,0,0,0,0,0,0,0,0,0,0,0,0,0.4,29.99,5.38
4/5/2019 3:58,0.333,0.033,0,0,0,0,0,0,0,0,0,0,0,0,0,0,0,0,0,0,0,0,0,0,0.367,29.99,5.36
4/5/2019 3:59,0.6,0.067,0,0,0,0,0,0,0,0,0,0,0,0,0,0,0,0,0,0,0,0,0,0,0.667,29.99,5.35
4/5/2019 4:00,0.3,0.033,0.033,0,0,0.033,0,0,0,0,0,0,0,0,0,0,0,0,0,0,0,0,0,0,0.4,29.99,5.36
4/5/2019 4:01,0.267,0,0.033,0,0,0,0,0,0,0,0,0,0,0,0,0,0,0,0,0,0,0,0,0,0.3,29.99,5.36
4/5/2019 4:02,0.367,0.033,0,0,0,0,0,0,0,0,0,0,0,0,0,0,0,0,0,0,0,0,0,0,0.4,29.99,5.36
4/5/2019 4:03,0.3,0.033,0,0,0,0.033,0.033,0,0,0,0,0,0,0,0,0,0,0,0,0,0,0,0,0,0.4,29.99,5.36
4/5/2019 4:04,0.467,0.067,0,0,0,0,0,0,0,0,0,0,0,0,0,0,0,0,0,0,0,0,0,0,0.534,29.99,5.35
4/5/2019 4:05,0.367,0.033,0,0,0,0,0,0,0,0,0,0,0,0,0,0,0,0,0,0,0,0,0,0,0.4,29.99,5.38
4/5/2019 4:06,0.433,0,0,0,0,0,0,0,0,0,0,0,0,0,0,0,0,0,0,0,0,0,0,0,0.433,29.99,5.38
4/5/2019 4:07,0.3,0.067,0,0,0,0,0,0,0,0,0,0,0,0,0,0,0,0,0,0,0,0,0,0,0.367,29.99,5.32
4/5/2019 4:08,0.4,0.033,0,0,0,0,0,0,0,0,0,0,0,0,0,0,0,0,0,0,0,0,0,0,0.433,29.99,5.35
4/5/2019 4:09,0.5,0.067,0,0,0,0,0,0,0,0,0,0,0,0,0,0,0,0,0,0,0,0,0,0,0.567,29.99,5.41
4/5/2019 4:10,0.267,0.033,0.033,0,0,0,0,0,0,0,0,0,0,0,0,0,0,0,0,0,0,0,0,0,0.333,29.99,5.45
4/5/2019 4:11,0.2,0.033,0,0,0,0,0,0,0,0,0,0,0,0,0,0,0,0,0,0,0,0,0,0,0.233,29.99,5.45
4/5/2019 4:12,0.3,0.1,0,0,0,0,0,0,0,0,0,0,0,0,0,0,0,0,0,0,0,0,0,0,0.4,29.99,5.49
4/5/2019 4:13,0.433,0,0.033,0,0,0,0,0,0,0,0,0,0,0,0,0,0,0,0,0,0,0,0,0,0.467,29.99,5.49
4/5/2019 4:14,0.3,0,0.033,0,0,0,0,0,0,0,0,0,0,0,0,0,0,0,0,0,0,0,0,0,0.333,29.99,5.49
4/5/2019 4:15,0.2,0.067,0,0,0,0,0,0,0,0,0,0,0,0,0,0,0,0,0,0,0,0,0,0,0.267,29.99,5.43
4/5/2019 4:16,0.167,0,0.033,0,0,0,0,0,0.033,0,0,0,0,0,0,0,0,0,0,0,0,0,0,0,0.233,29.99,5.43
4/5/2019 4:17,0.267,0.1,0,0,0,0,0,0,0,0,0,0,0,0,0,0,0,0,0,0,0,0,0,0,0.367,29.99,5.45
4/5/2019 4:18,0.534,0,0,0,0,0,0,0,0,0,0,0,0,0,0,0,0,0,0,0,0,0,0,0,0.534,29.99,5.45
4/5/2019 4:19,0.4,0,0,0,0,0,0,0,0,0,0,0,0,0,0,0,0,0,0,0,0,0,0,0,0.4,29.99,5.45
4/5/2019 4:20,0.333,0,0,0,0,0,0,0,0,0,0,0,0,0,0,0,0,0,0,0,0,0,0,0,0.333,29.99,5.45
4/5/2019 4:21,0.5,0,0.033,0,0,0,0,0,0,0,0,0,0,0,0,0,0,0,0,0,0,0,0,0,0.534,29.99,5.45
4/5/2019 4:22,0.333,0,0,0,0,0,0,0,0,0,0,0,0,0,0,0,0,0,0,0,0,0,0,0,0.333,29.99,5.45
4/5/2019 4:23,0.233,0,0,0,0.033,0,0,0,0,0,0,0,0,0,0,0,0,0,0,0,0,0,0,0,0.267,29.99,5.45
4/5/2019 4:24,0.267,0,0,0,0,0,0,0,0,0,0,0,0,0,0,0,0,0,0,0,0,0,0,0,0.267,29.99,5.45
4/5/2019 4:25,0.333,0,0,0,0,0,0,0,0,0,0,0,0,0,0,0,0,0,0,0,0,0,0,0,0.333,29.99,5.45
4/5/2019 4:26,0.233,0.033,0,0,0,0,0,0,0,0,0,0,0,0,0,0,0,0,0,0,0,0,0,0,0.267,29.99,5.48
4/5/2019 4:27,0.233,0.033,0,0,0,0,0,0,0,0,0,0,0,0,0,0,0,0,0,0,0,0,0,0,0.267,29.99,5.48
4/5/2019 4:28,0.233,0,0,0,0,0,0,0,0,0,0,0,0,0,0,0,0,0,0,0,0,0,0,0,0.233,29.99,5.48
4/5/2019 4:29,0.3,0.067,0,0,0,0,0,0,0,0,0,0,0,0,0,0,0,0,0,0,0,0,0,0,0.367,29.99,5.48
4/5/2019 4:30,0.133,0.067,0,0,0,0,0,0,0,0,0,0,0,0,0,0,0,0,0,0,0,0,0,0,0.2,29.99,5.5
4/5/2019 4:31,0.467,0.033,0,0,0,0,0,0,0,0,0,0,0,0,0,0,0,0,0,0,0,0,0,0,0.5,29.99,5.44
4/5/2019 4:32,0.4,0,0,0,0,0,0,0,0,0,0,0,0,0,0,0,0,0,0,0,0,0,0,0,0.4,29.99,5.44
4/5/2019 4:33,0.233,0,0,0,0,0,0,0,0,0,0,0,0,0,0,0,0,0,0,0,0,0,0,0,0.233,29.99,5.44
4/5/2019 4:34,0.367,0.033,0,0,0,0,0,0,0,0,0,0,0,0,0,0,0,0,0,0,0,0,0,0,0.4,29.99,5.47
4/5/2019 4:35,0.4,0,0,0,0,0,0,0,0,0,0,0,0,0,0,0,0,0,0,0,0,0,0,0,0.4,29.99,5.47
4/5/2019 4:36,0.367,0.1,0,0,0,0,0,0,0,0,0,0,0,0,0,0,0,0,0,0,0,0,0,0,0.467,29.99,5.55
4/5/2019 4:37,0.467,0.033,0,0,0,0,0.033,0,0,0,0,0,0,0,0,0,0,0,0,0,0,0,0,0,0.534,29.99,5.58
4/5/2019 4:38,0.2,0.033,0,0,0,0,0,0,0,0,0,0,0,0,0,0,0,0,0,0,0,0,0,0,0.233,29.99,5.56
4/5/2019 4:39,0.433,0.067,0,0,0,0,0,0,0,0,0,0,0,0,0,0,0,0,0,0,0,0,0,0,0.5,29.99,5.58
4/5/2019 4:40,0.033,0,0,0,0,0,0,0,0,0,0,0,0,0,0,0,0,0,0,0,0,0,0,0,0.033,29.99,5.58
4/5/2019 4:41,0.367,0,0,0,0,0,0,0,0,0,0,0,0,0,0,0,0,0,0,0,0,0,0,0,0.367,29.99,5.58
4/5/2019 4:42,0.2,0.1,0,0,0,0,0,0,0,0,0,0,0,0,0,0,0,0,0,0,0,0,0,0,0.3,29.99,5.59
4/5/2019 4:43,0.4,0,0,0,0,0,0,0,0,0,0,0,0,0,0,0,0,0,0,0,0,0,0,0,0.4,29.99,5.59
4/5/2019 4:44,0.233,0.033,0,0,0,0,0,0,0,0,0,0,0,0,0,0,0,0,0,0,0,0,0,0,0.267,29.99,5.57
4/5/2019 4:45,0.433,0,0,0,0,0,0,0,0,0,0,0,0,0,0,0,0,0,0,0,0,0,0,0,0.433,29.99,5.57
4/5/2019 4:46,0.233,0,0,0,0,0,0,0,0,0,0,0,0,0,0,0,0,0,0,0,0,0,0,0,0.233,29.99,5.57
4/5/2019 4:47,0.433,0,0,0,0,0,0,0,0,0,0,0,0,0,0,0,0,0,0,0,0,0,0,0,0.433,29.99,5.57
4/5/2019 4:48,0.367,0,0,0,0,0,0,0,0,0,0,0,0,0,0,0,0,0,0,0,0,0,0,0,0.367,29.99,5.57
4/5/2019 4:49,0.367,0.1,0,0,0,0,0,0,0,0,0,0,0,0,0,0,0,0,0,0,0,0,0,0,0.467,29.99,5.62
4/5/2019 4:50,0.333,0.033,0,0,0,0,0,0,0,0,0,0,0,0,0,0,0,0,0,0,0,0,0,0,0.367,29.99,5.62
4/5/2019 4:51,0.467,0,0.033,0,0.033,0,0,0,0,0,0,0,0,0,0,0,0,0,0,0,0,0,0,0,0.534,29.99,5.62
4/5/2019 4:52,0.2,0,0,0,0,0,0,0,0,0,0,0,0,0,0,0,0,0,0,0,0,0,0,0,0.2,29.99,5.62
4/5/2019 4:53,0.5,0.033,0,0,0,0,0,0,0,0,0,0,0,0,0,0,0,0,0,0,0,0,0,0,0.534,29.99,5.64
4/5/2019 4:54,0.133,0,0,0,0,0,0,0,0,0,0,0,0,0,0,0,0,0,0,0,0,0,0,0,0.133,29.99,5.64
4/5/2019 4:55,0.3,0.1,0,0,0,0,0,0,0,0,0,0,0,0,0,0,0,0,0,0,0,0,0,0,0.4,29.99,5.69
4/5/2019 4:56,0.3,0.1,0.033,0,0,0,0,0,0,0,0,0,0,0,0,0,0,0,0,0,0,0,0,0,0.433,29.99,5.72
4/5/2019 4:57,0.367,0,0,0,0.033,0,0,0,0,0,0,0,0,0,0,0,0,0,0,0,0,0,0,0,0.4,29.99,5.72
4/5/2019 4:58,0.167,0.033,0,0,0,0,0,0,0,0,0,0,0,0,0,0,0,0,0,0,0,0,0,0,0.2,29.99,5.75
4/5/2019 4:59,0.4,0.067,0,0.033,0,0,0,0,0,0,0,0,0,0,0,0,0,0,0,0,0,0,0,0,0.5,29.99,5.7
4/5/2019 5:00,0.6,0.067,0.033,0,0,0,0,0,0,0,0,0,0,0,0,0,0,0,0,0,0,0,0,0,0.7,29.99,5.72
4/5/2019 5:01,0.233,0.033,0,0,0,0,0,0,0,0,0,0,0,0,0,0,0,0,0,0,0,0,0,0,0.267,29.99,5.74
4/5/2019 5:02,0.233,0.033,0,0,0,0,0,0,0,0,0,0,0,0,0,0,0,0,0,0,0,0,0,0,0.267,29.99,5.77
4/5/2019 5:03,0.333,0.033,0.033,0,0,0,0,0,0,0,0,0,0,0,0,0,0,0,0,0,0,0,0,0,0.4,29.99,5.77
4/5/2019 5:04,0.133,0.033,0,0,0,0,0,0,0,0,0,0,0,0,0,0,0,0,0,0,0,0,0,0,0.167,29.99,5.77
4/5/2019 5:05,0.2,0,0.033,0,0,0,0,0,0,0,0,0,0,0,0,0,0,0,0,0,0,0,0,0,0.233,29.99,5.77
4/5/2019 5:06,0.3,0,0.033,0,0,0,0,0,0,0,0,0,0,0,0,0,0,0,0,0,0,0,0,0,0.333,29.99,5.77
4/5/2019 5:07,0.3,0,0,0,0,0,0,0,0,0,0,0,0,0,0,0,0,0,0,0,0,0,0,0,0.3,29.99,5.77
4/5/2019 5:08,0.267,0,0.033,0,0,0,0,0,0,0,0,0,0,0,0,0,0,0,0,0,0,0,0,0,0.3,29.99,5.77
4/5/2019 5:09,0.267,0,0,0,0,0,0,0,0,0,0,0,0,0,0,0,0,0,0,0,0,0,0,0,0.267,29.99,5.77
4/5/2019 5:10,0.3,0.033,0,0,0,0,0,0,0,0,0,0,0,0,0,0,0,0,0,0,0,0,0,0,0.333,29.99,5.69
4/5/2019 5:11,0.4,0,0.033,0,0,0,0,0,0,0,0,0,0,0,0,0,0,0,0,0,0,0,0,0,0.433,29.99,5.69
4/5/2019 5:12,0.467,0,0,0,0,0,0,0,0,0,0,0,0,0,0,0,0,0,0,0,0,0,0,0,0.467,29.99,5.69
4/5/2019 5:13,0.167,0,0,0,0,0,0,0,0,0,0,0,0,0,0,0,0,0,0,0,0,0,0,0,0.167,29.99,5.69
4/5/2019 5:14,0.333,0.067,0,0,0.033,0,0,0,0,0,0,0,0,0,0,0,0,0,0,0,0,0,0,0,0.433,29.99,5.61
4/5/2019 5:15,0.3,0,0.033,0,0,0,0,0,0,0,0,0,0,0,0,0,0,0,0,0,0,0,0,0,0.333,29.99,5.61
4/5/2019 5:16,0.433,0.033,0,0,0,0,0,0,0,0,0,0,0,0,0,0,0,0,0,0,0,0,0,0,0.467,29.99,5.6
4/5/2019 5:17,0.167,0.033,0,0,0,0,0,0,0,0,0,0,0,0,0,0,0,0,0,0,0,0,0,0,0.2,29.99,5.61
4/5/2019 5:18,0.567,0.033,0,0,0,0,0,0,0,0,0,0,0,0,0,0,0,0,0,0,0,0,0,0,0.6,29.99,5.65
4/5/2019 5:19,0.233,0,0.033,0,0,0,0,0,0,0,0,0,0,0,0,0,0,0,0,0,0,0,0,0,0.267,29.99,5.65
4/5/2019 5:20,0.433,0,0.033,0,0,0,0,0,0,0,0,0,0,0,0,0,0,0,0,0,0,0,0,0,0.467,29.99,5.65
4/5/2019 5:21,0.3,0,0,0,0.033,0,0,0,0,0,0,0,0,0,0,0,0,0,0,0,0,0,0,0,0.333,29.99,5.65
4/5/2019 5:22,0.4,0,0,0,0,0,0,0,0,0,0,0,0,0,0,0,0,0,0,0,0,0,0,0,0.4,29.99,5.65
4/5/2019 5:23,0.333,0.067,0,0,0,0,0,0,0,0,0,0,0,0,0,0,0,0,0,0,0,0,0,0,0.4,29.99,5.68
4/5/2019 5:24,0.3,0.033,0,0,0,0,0,0,0,0,0,0,0,0,0,0,0,0,0,0,0,0,0,0,0.333,29.99,5.72
4/5/2019 5:25,0.4,0,0,0,0,0,0,0,0,0,0,0,0,0,0,0,0,0,0,0,0,0,0,0,0.4,29.99,5.72
4/5/2019 5:26,0.333,0.033,0,0,0,0,0,0,0,0,0,0,0,0,0,0,0,0,0,0,0,0,0,0,0.367,29.99,5.64
4/5/2019 5:27,0.233,0,0.033,0,0,0,0,0,0,0,0,0,0,0,0,0,0,0,0,0,0,0,0,0,0.267,29.99,5.64
4/5/2019 5:28,0.267,0.033,0,0,0,0,0,0,0,0,0,0,0,0,0,0,0,0,0,0,0,0,0,0,0.3,29.99,5.61
4/5/2019 5:29,0.433,0.033,0.033,0,0,0,0,0,0,0,0,0,0,0,0,0,0,0,0,0,0,0,0,0,0.5,29.99,5.57
4/5/2019 5:30,0.233,0.033,0,0,0,0,0,0,0,0,0,0,0,0,0,0,0,0,0,0,0,0,0,0,0.267,29.99,5.55
4/5/2019 5:31,0.267,0,0,0,0,0,0,0,0,0,0,0,0,0,0,0,0,0,0,0,0,0,0,0,0.267,29.99,5.55
4/5/2019 5:32,0.4,0.033,0,0,0,0,0,0,0,0,0,0,0,0,0,0,0,0,0,0,0,0,0,0,0.433,29.99,5.56
4/5/2019 5:33,0.333,0.1,0,0,0,0,0,0,0,0,0,0,0,0,0,0,0,0,0,0,0,0,0,0,0.433,29.99,5.62
4/5/2019 5:34,0.367,0,0,0,0,0,0,0,0,0,0,0,0,0,0,0,0,0,0,0,0,0,0,0,0.367,29.99,5.62
4/5/2019 5:35,0.267,0,0.033,0,0,0,0,0,0,0,0,0,0,0,0,0,0,0,0,0,0,0,0,0,0.3,29.99,5.62
4/5/2019 5:36,0.233,0.033,0,0,0,0,0,0,0,0,0,0,0,0,0,0,0,0,0,0,0,0,0,0,0.267,29.99,5.64
4/5/2019 5:37,0.233,0.033,0,0,0,0,0,0,0,0,0,0,0,0,0,0,0,0,0,0,0,0,0,0,0.267,29.99,5.63
4/5/2019 5:38,0.267,0,0,0,0,0,0,0,0,0,0,0,0,0,0,0,0,0,0,0,0,0,0,0,0.267,29.99,5.63
4/5/2019 5:39,0.433,0.067,0,0,0,0,0,0,0,0,0,0,0,0,0,0,0,0,0,0,0,0,0,0,0.5,29.99,5.64
4/5/2019 5:40,0.534,0.033,0,0,0,0,0,0,0,0,0,0,0,0,0,0,0,0,0,0,0,0,0,0,0.567,29.99,5.56
4/5/2019 5:41,0.333,0.033,0,0,0,0,0,0,0,0,0,0,0,0,0,0,0,0,0,0,0,0,0,0,0.367,29.99,5.49
4/5/2019 5:42,0.3,0.033,0.033,0,0,0,0,0,0,0,0,0,0,0,0,0,0,0,0,0,0,0,0,0,0.367,29.99,5.48
4/5/2019 5:43,0.467,0.033,0.067,0,0,0,0.033,0,0,0,0,0,0,0,0,0,0,0,0,0,0,0,0,0,0.6,29.99,5.44
4/5/2019 5:44,0.267,0,0,0,0,0,0,0,0,0,0,0,0,0,0,0,0,0,0,0,0,0,0,0,0.267,29.99,5.44
4/5/2019 5:45,0.433,0.067,0,0.033,0,0,0,0,0,0,0,0,0,0,0,0,0,0,0,0,0,0,0,0,0.534,29.99,5.42
4/5/2019 5:46,0.467,0.033,0,0,0,0,0,0,0,0,0,0,0,0,0,0,0,0,0,0,0,0,0,0,0.5,29.99,5.42
4/5/2019 5:47,0.267,0,0,0,0,0,0,0,0,0,0,0,0,0,0,0,0,0,0,0,0,0,0,0,0.267,29.99,5.42
4/5/2019 5:48,0.333,0,0.033,0,0,0,0,0,0,0,0,0,0,0,0,0,0,0,0,0,0,0,0,0,0.367,29.99,5.42
4/5/2019 5:49,0.4,0.033,0,0.033,0,0,0,0,0,0,0,0,0,0,0,0,0,0,0,0,0,0,0,0,0.467,29.99,5.44
4/5/2019 5:50,0.333,0.1,0,0,0,0,0,0,0,0,0,0,0,0,0,0,0,0,0,0,0,0,0,0,0.433,29.99,5.5
4/5/2019 5:51,0.567,0.033,0,0,0,0,0,0,0,0,0,0,0,0,0,0,0,0,0,0,0,0,0,0,0.6,29.99,5.53
4/5/2019 5:52,0.2,0,0.033,0,0,0,0,0,0,0,0,0,0,0,0,0,0,0,0,0,0,0,0,0,0.233,29.99,5.53
4/5/2019 5:53,0.534,0.033,0,0,0,0,0,0,0,0,0,0,0,0,0,0,0,0,0,0,0,0,0,0,0.567,29.99,5.49
4/5/2019 5:54,0.3,0.1,0,0,0,0,0,0,0,0,0,0,0,0,0,0,0,0,0,0,0,0,0,0,0.4,29.99,5.48
4/5/2019 5:55,0.333,0,0,0,0,0,0,0,0,0,0,0,0,0,0,0,0,0,0,0,0,0,0,0,0.333,29.99,5.48
4/5/2019 5:56,0.367,0.033,0,0,0,0,0,0,0,0,0,0,0,0,0,0,0,0,0,0,0,0,0,0,0.4,29.99,5.45
4/5/2019 5:57,0.534,0,0,0,0,0,0,0,0,0,0,0,0,0,0,0,0,0,0,0,0,0,0,0,0.534,29.99,5.45
4/5/2019 5:58,0.534,0,0,0,0,0,0,0,0,0,0,0,0,0,0,0,0,0,0,0,0,0,0,0,0.534,29.99,5.45
4/5/2019 5:59,0.333,0.033,0,0,0,0,0,0,0,0,0,0,0,0,0,0,0,0,0,0,0,0,0,0,0.367,29.99,5.48
4/5/2019 6:00,0.3,0.167,0,0,0,0,0,0,0,0,0,0,0,0,0,0,0,0,0,0,0,0,0,0,0.467,29.99,5.28
4/5/2019 6:01,0.8,0,0,0,0,0,0,0,0,0,0,0,0,0,0,0,0,0,0,0,0,0,0,0,0.8,29.99,5.28
4/5/2019 6:02,0.634,0.067,0,0,0,0,0,0,0,0,0,0,0,0,0,0,0,0,0,0,0,0,0,0,0.7,29.99,5.32
4/5/2019 6:03,0.5,0.033,0,0,0,0,0,0,0,0,0,0,0,0,0,0,0,0,0,0,0,0,0,0,0.534,29.99,5.34
4/5/2019 6:04,0.367,0.067,0,0,0,0,0,0,0,0,0,0,0,0,0,0,0,0,0,0,0,0,0,0,0.433,29.99,5.25
4/5/2019 6:05,0.534,0.067,0,0,0,0,0,0,0,0,0,0,0,0,0,0,0,0,0,0,0,0,0,0,0.6,29.99,5.29
4/5/2019 6:06,0.467,0,0,0,0,0,0,0,0,0,0,0,0,0,0,0,0,0,0,0,0,0,0,0,0.467,29.99,5.29
4/5/2019 6:07,0.467,0.033,0,0,0,0,0,0,0,0,0,0,0,0,0,0,0,0,0,0,0,0,0,0,0.5,29.99,5.34
4/5/2019 6:08,0.567,0.067,0,0,0,0,0,0,0,0,0,0,0,0,0,0,0,0,0,0,0,0,0,0,0.634,29.99,5.41
4/5/2019 6:09,0.5,0.067,0,0,0,0,0,0,0,0,0,0,0,0,0,0,0,0,0,0,0,0,0,0,0.567,29.99,5.35
4/5/2019 6:10,0.467,0.067,0,0,0,0,0,0,0,0,0,0,0,0,0,0,0,0,0,0,0,0,0,0,0.534,29.99,5.32
4/5/2019 6:11,0.433,0,0.067,0,0,0,0.033,0,0,0,0,0,0,0,0,0,0,0,0,0,0,0,0,0,0.534,29.99,5.32
4/5/2019 6:12,0.3,0.033,0,0,0,0,0,0,0,0,0,0,0,0,0,0,0,0,0,0,0,0,0,0,0.333,29.99,5.35
4/5/2019 6:13,0.367,0.1,0,0,0,0,0,0,0,0,0,0,0,0,0,0,0,0,0,0,0,0,0,0,0.467,29.99,5.37
4/5/2019 6:14,0.6,0,0,0,0,0,0,0,0,0,0,0,0,0,0,0,0,0,0,0,0,0,0,0,0.6,29.99,5.37
4/5/2019 6:15,0.267,0.067,0,0,0,0,0,0,0,0,0,0,0,0,0,0,0,0,0,0,0,0,0,0,0.333,29.99,5.26
4/5/2019 6:16,0.333,0,0,0,0,0,0,0,0,0,0,0,0,0,0,0,0,0,0,0,0,0,0,0,0.333,29.99,5.26
4/5/2019 6:17,0.567,0.033,0,0,0,0,0,0,0,0,0,0,0,0,0,0,0,0,0,0,0,0,0,0,0.6,29.99,5.21
4/5/2019 6:18,0.433,0.033,0.033,0,0,0,0,0,0,0,0,0,0,0,0,0,0,0,0,0,0,0,0,0,0.5,29.99,5.24
4/5/2019 6:19,0.4,0.067,0,0,0,0,0,0,0,0,0,0,0,0,0,0,0,0,0,0,0,0,0,0,0.467,29.99,5.21
4/5/2019 6:20,0.433,0,0,0,0,0,0,0,0,0,0,0,0,0,0,0,0,0,0,0,0,0,0,0,0.433,29.99,5.21
4/5/2019 6:21,0.433,0.033,0,0,0,0,0,0,0,0,0,0,0,0,0,0,0,0,0,0,0,0,0,0,0.467,29.99,5.2
4/5/2019 6:22,0.3,0,0,0,0,0,0,0,0,0,0,0,0,0,0,0,0,0,0,0,0,0,0,0,0.3,29.99,5.2
4/5/2019 6:23,0.4,0.1,0,0,0,0,0,0,0,0,0,0,0,0,0,0,0,0,0,0,0,0,0,0,0.5,29.99,5.22
4/5/2019 6:24,0.5,0.033,0,0,0,0,0,0,0,0,0,0,0,0,0,0,0,0,0,0,0,0,0,0,0.534,29.99,5.13
4/5/2019 6:25,0.534,0.067,0,0,0,0,0,0,0,0,0,0,0,0,0,0,0,0,0,0,0,0,0,0,0.6,29.99,5.15
4/5/2019 6:26,0.634,0.033,0,0,0,0,0,0,0,0,0,0,0,0,0,0,0,0,0,0,0,0,0,0,0.667,29.99,5.14
4/5/2019 6:27,0.467,0.033,0.067,0,0,0,0,0,0,0,0,0,0,0,0,0,0,0,0,0,0,0,0,0,0.567,29.99,5.19
4/5/2019 6:28,0.333,0.033,0,0,0,0,0,0,0,0,0,0,0,0,0,0,0,0,0,0,0,0,0,0,0.367,29.99,5.23
4/5/2019 6:29,0.367,0.033,0,0,0,0,0,0,0,0,0,0,0,0,0,0,0,0,0,0,0,0,0,0,0.4,29.99,5.21
4/5/2019 6:30,0.3,0,0,0,0,0,0,0,0,0,0,0,0,0,0,0,0,0,0,0,0,0,0,0,0.3,29.99,5.21
4/5/2019 6:31,0.5,0,0.033,0,0,0,0,0,0,0,0,0,0,0,0,0,0,0,0,0,0,0,0,0,0.534,29.99,5.21
4/5/2019 6:32,0.5,0,0,0,0,0,0,0,0,0,0,0,0,0,0,0,0,0,0,0,0,0,0,0,0.5,29.99,5.21
4/5/2019 6:33,0.534,0.033,0,0,0,0,0,0,0,0,0,0,0,0,0,0,0,0,0,0,0,0,0,0,0.567,29.99,5.22
4/5/2019 6:34,0.467,0.033,0,0,0,0,0,0,0,0,0,0,0,0,0,0,0,0,0,0,0,0,0,0,0.5,29.99,5.23
4/5/2019 6:35,0.367,0.033,0,0,0,0,0,0,0,0,0,0,0,0,0,0,0,0,0,0,0,0,0,0,0.4,29.99,5.23
4/5/2019 6:36,0.5,0.1,0,0,0,0,0,0.033,0,0,0,0,0,0,0,0,0,0,0,0,0,0,0,0,0.634,29.99,5.27
4/5/2019 6:37,0.367,0.067,0,0,0,0,0,0,0,0,0,0,0,0,0,0,0,0,0,0,0,0,0,0,0.433,29.99,5.33
4/5/2019 6:38,0.433,0.1,0,0,0,0,0,0,0,0,0,0,0,0,0,0,0,0,0,0,0,0,0,0,0.534,29.99,5.35
4/5/2019 6:39,0.534,0.033,0,0,0,0,0,0,0,0,0,0,0,0,0,0,0,0,0,0,0,0,0,0,0.567,29.99,5.36
4/5/2019 6:40,0.534,0,0.033,0,0,0.033,0,0,0,0,0,0,0,0,0,0,0,0,0,0,0,0,0,0,0.6,29.99,5.36
4/5/2019 6:41,0.4,0,0,0,0,0,0,0,0,0,0,0,0,0,0,0,0,0,0,0,0,0,0,0,0.4,29.99,5.36
4/5/2019 6:42,0.267,0.067,0.033,0,0,0.033,0,0,0,0,0,0,0,0,0,0,0,0,0,0,0,0,0,0,0.4,29.99,5.4
4/5/2019 6:43,0.367,0,0,0.033,0,0,0,0,0,0,0,0,0,0,0,0,0,0,0,0,0,0,0,0,0.4,29.99,5.4
4/5/2019 6:44,0.4,0.033,0.033,0,0,0,0,0,0,0,0,0,0,0,0,0,0,0,0,0,0,0,0,0,0.467,29.99,5.34
4/5/2019 6:45,0.267,0.033,0,0.033,0,0,0.033,0,0,0,0,0,0,0,0,0,0,0,0,0,0,0,0,0,0.367,29.99,5.37
4/5/2019 6:46,0.233,0.033,0,0,0,0,0,0,0,0,0,0,0,0,0,0,0,0,0,0,0,0,0,0,0.267,29.99,5.4
4/5/2019 6:47,0.333,0,0.033,0,0,0,0,0,0,0,0,0,0,0,0,0,0,0,0,0,0,0,0,0,0.367,29.99,5.4
4/5/2019 6:48,0.567,0,0,0,0,0,0,0,0,0,0,0,0,0,0,0,0,0,0,0,0,0,0,0,0.567,29.99,5.4
4/5/2019 6:49,0.667,0,0,0,0,0,0,0,0,0,0,0,0,0,0,0,0,0,0,0,0,0,0,0,0.667,29.99,5.4
4/5/2019 6:50,0.333,0,0,0,0,0,0,0,0,0,0,0,0,0,0,0,0,0,0,0,0,0,0,0,0.333,29.99,5.4
4/5/2019 6:51,0.534,0,0,0,0,0,0,0,0,0,0,0,0,0,0,0,0,0,0,0,0,0,0,0,0.534,29.99,5.4
4/5/2019 6:52,0.534,0.1,0,0,0,0,0,0,0,0,0,0,0,0,0,0,0,0,0,0,0,0,0,0,0.634,29.99,5.4
4/5/2019 6:53,0.567,0.033,0,0,0.067,0,0,0,0,0,0,0,0,0,0,0,0,0,0,0,0,0,0,0,0.667,29.99,5.4
4/5/2019 6:54,0.534,0.033,0,0,0,0,0,0,0,0,0,0,0,0,0,0,0,0,0,0,0,0,0,0,0.567,29.99,5.4
4/5/2019 6:55,0.333,0,0,0,0,0,0,0,0,0,0,0,0,0,0,0,0,0,0,0,0,0,0,0,0.333,29.99,5.4
4/5/2019 6:56,0.5,0,0,0,0,0,0,0,0,0,0,0,0,0,0,0,0,0,0,0,0,0,0,0,0.5,29.99,5.4
4/5/2019 6:57,0.4,0,0,0.033,0,0,0,0,0,0,0,0,0,0,0,0,0,0,0,0,0,0,0,0,0.433,29.99,5.4
4/5/2019 6:58,0.4,0,0,0,0,0,0,0,0,0,0,0,0,0,0,0,0,0,0,0,0,0,0,0,0.4,29.99,5.4
4/5/2019 6:59,0.267,0.133,0,0,0,0,0,0,0,0,0,0,0,0,0,0,0,0,0,0,0,0,0,0,0.4,29.99,5.32
4/5/2019 7:00,0.534,0.1,0,0,0,0,0,0,0,0,0,0,0,0,0,0,0,0,0,0,0,0,0,0,0.634,29.99,5.39
4/5/2019 7:01,0.3,0.033,0,0,0,0,0,0,0,0,0,0,0,0,0,0,0,0,0,0,0,0,0,0,0.333,29.99,5.43
4/5/2019 7:02,0.534,0.033,0.033,0,0,0,0,0.033,0,0,0,0,0,0,0,0,0,0,0,0,0,0,0,0,0.634,29.99,5.41
4/5/2019 7:03,0.467,0,0,0,0,0,0,0,0,0,0,0,0,0,0,0,0,0,0,0,0,0,0,0,0.467,29.99,5.41
4/5/2019 7:04,0.133,0,0.033,0,0,0,0,0,0,0,0,0,0,0,0,0,0,0,0,0,0,0,0,0,0.167,29.99,5.41
4/5/2019 7:05,0.233,0,0.033,0,0,0,0,0,0,0,0,0,0,0,0,0,0,0,0,0,0,0,0,0,0.267,29.99,5.41
4/5/2019 7:06,0.6,0,0,0,0,0,0,0,0,0,0,0,0,0,0,0,0,0,0,0,0,0,0,0,0.6,29.99,5.41
4/5/2019 7:07,0.167,0.067,0.033,0.033,0,0,0,0,0,0,0,0,0,0,0,0,0,0,0,0,0,0,0,0,0.3,29.99,5.32
4/5/2019 7:08,0.1,0.067,0,0,0,0,0,0,0,0,0,0,0,0,0,0,0,0,0,0,0,0,0,0,0.167,29.99,5.24
4/5/2019 7:09,0.367,0,0,0,0,0,0,0,0,0,0,0,0,0,0,0,0,0,0,0,0,0,0,0,0.367,29.99,5.24
4/5/2019 7:10,0.333,0.033,0,0,0,0,0,0,0,0,0,0,0,0,0,0,0,0,0,0,0,0,0,0,0.367,29.99,5.25
4/5/2019 7:11,0.567,0,0,0,0,0,0,0,0,0,0,0,0,0,0,0,0,0,0,0,0,0,0,0,0.567,29.99,5.25
4/5/2019 7:12,0.333,0.067,0,0,0,0,0,0,0,0,0,0,0,0,0,0,0,0,0,0,0,0,0,0,0.4,29.99,5.24
4/5/2019 7:13,0.433,0,0,0,0,0,0,0,0,0,0,0,0,0,0,0,0,0,0,0,0,0,0,0,0.433,29.99,5.24
4/5/2019 7:14,0.467,0,0,0.033,0,0,0,0,0,0,0,0,0,0,0,0,0,0,0,0,0,0,0,0,0.5,29.99,5.24
4/5/2019 7:15,0.2,0.067,0,0,0,0,0,0,0,0,0,0,0,0,0,0,0,0,0,0,0,0,0,0,0.267,29.99,5.29
4/5/2019 7:16,0.367,0,0,0,0,0,0,0,0,0,0,0,0,0,0,0,0,0,0,0,0,0,0,0,0.367,29.99,5.29
4/5/2019 7:17,0.367,0,0,0,0,0,0,0,0,0,0,0,0,0,0,0,0,0,0,0,0,0,0,0,0.367,29.99,5.29
4/5/2019 7:18,0.534,0.067,0.033,0,0,0,0,0,0,0,0,0,0,0,0,0,0,0,0,0,0,0,0,0,0.634,29.99,5.22
4/5/2019 7:19,0.3,0.033,0,0,0,0,0,0,0,0,0,0,0,0,0,0,0,0,0,0,0,0,0,0,0.333,29.99,5.22
4/5/2019 7:20,0.767,0.267,0.167,0,0,0,0,0.033,0,0,0,0,0,0,0,0,0,0,0,0,0,0,0,0,1.234,29.99,5.1
4/5/2019 7:21,1.801,0.8,0.467,0.1,0.233,0.267,0.267,0.033,0.1,0.033,0.067,0,0.033,0.033,0,0,0.033,0,0,0,0,0,0,0,4.268,29.99,4.64
4/5/2019 7:22,2.968,1.534,1.1,0.467,0.467,0.167,0.167,0.167,0.2,0.067,0,0.033,0,0.067,0.033,0,0,0,0,0,0,0,0,0,7.436,29.99,4.63
4/5/2019 7:23,2.701,1.934,0.867,0.433,0.6,0.267,0.167,0.1,0.1,0,0.067,0,0,0,0,0.067,0,0,0.033,0,0,0,0,0,7.336,29.99,4.62
4/5/2019 7:24,2.467,1.534,0.834,0.2,0.467,0.4,0.1,0.1,0.133,0.033,0.033,0.033,0,0.067,0,0,0,0,0,0,0,0,0,0,6.402,29.99,4.61
4/5/2019 7:25,3.001,1.267,0.8,0.3,0.3,0.3,0.4,0.167,0.167,0.1,0,0,0.033,0,0,0,0,0,0,0,0,0,0,0,6.836,29.99,4.75
4/5/2019 7:26,2.701,1.234,0.967,0.333,0.4,0.3,0.167,0.133,0.167,0.1,0.033,0,0.033,0,0.033,0,0,0,0,0,0,0,0,0,6.602,29.99,4.69
4/5/2019 7:27,2.167,1.4,0.8,0.433,0.167,0.2,0.2,0.133,0.033,0.067,0,0.033,0,0.033,0,0,0.033,0,0,0,0,0,0,0,5.702,29.99,4.66
4/5/2019 7:28,2.868,1.3,0.634,0.067,0.233,0.167,0.1,0.133,0.067,0.1,0.033,0.033,0,0,0,0,0,0,0,0,0,0,0,0,5.735,29.99,4.64
4/5/2019 7:29,2.001,1.334,0.8,0.267,0.4,0.267,0.2,0.167,0.1,0,0,0,0.033,0,0,0,0,0,0,0,0.033,0,0,0,5.602,29.99,4.77
4/5/2019 7:30,2.201,0.934,0.634,0.133,0.4,0.1,0.133,0.167,0,0,0,0,0,0,0,0,0.033,0,0,0,0,0,0,0,4.735,29.99,4.72
4/5/2019 7:31,1.767,1.234,0.433,0.067,0.4,0.267,0.2,0.067,0.1,0.1,0.033,0,0.033,0,0,0,0,0,0,0,0,0,0,0,4.702,29.99,4.68
4/5/2019 7:32,1.901,1.334,0.567,0.1,0.1,0.167,0.067,0.033,0.067,0,0,0,0,0,0,0.033,0,0,0,0,0,0,0,0,4.368,29.99,4.51
4/5/2019 7:33,1.934,0.934,0.534,0.367,0.233,0.067,0.1,0.033,0.033,0.067,0,0,0,0,0,0,0,0,0,0,0,0,0,0,4.301,29.99,4.54
4/5/2019 7:34,1.967,1.034,0.367,0.3,0.3,0.167,0.133,0.067,0.033,0.033,0,0,0,0,0,0,0,0,0,0,0,0,0,0,4.401,29.99,4.68
4/5/2019 7:35,1.767,0.934,0.233,0.133,0.2,0.133,0.067,0.1,0.1,0.033,0.033,0,0,0,0,0,0.033,0,0,0,0,0,0,0,3.768,29.99,4.34
4/5/2019 7:36,1.634,1.067,0.5,0.3,0.133,0.2,0.133,0,0.133,0,0.033,0,0,0,0,0,0,0,0,0,0,0,0,0,4.135,29.99,4.43
4/5/2019 7:37,1.434,0.734,0.634,0.333,0.3,0.167,0.167,0.033,0,0.1,0,0.033,0,0,0,0,0,0,0,0,0,0,0,0,3.935,29.99,4.57
4/5/2019 7:38,1.4,0.8,0.367,0.033,0.133,0.133,0.133,0.1,0.067,0.033,0,0,0,0,0,0,0,0,0,0,0,0,0,0,3.201,29.99,4.49
4/5/2019 7:39,1.434,0.5,0.5,0.133,0.2,0.233,0.033,0,0.067,0.033,0.033,0,0,0,0,0,0,0,0,0,0,0,0,0,3.168,29.99,4.58
4/5/2019 7:40,1.234,0.6,0.3,0.133,0.167,0.167,0.067,0.2,0.1,0,0,0,0,0,0,0,0,0,0,0,0,0,0,0,2.968,29.99,4.66
4/5/2019 7:41,1.4,0.834,0.534,0.067,0.267,0.133,0.033,0,0,0,0,0,0,0,0,0,0,0,0,0,0,0,0,0,3.268,29.99,4.65
4/5/2019 7:42,1.134,0.867,0.233,0.3,0.167,0.133,0.233,0.033,0.033,0.033,0,0.033,0,0,0,0,0,0,0,0,0,0,0,0,3.201,29.99,4.64
4/5/2019 7:43,1.034,0.634,0.467,0.067,0.2,0.167,0.067,0.067,0.033,0,0,0,0,0,0,0,0,0,0,0,0,0,0,0,2.734,29.99,4.32
4/5/2019 7:44,1.234,0.467,0.567,0.133,0.233,0.033,0.2,0,0.067,0,0,0,0,0,0,0,0,0,0,0,0,0,0,0,2.934,29.99,4.49
4/5/2019 7:45,1.467,0.567,0.4,0.067,0.267,0.133,0.067,0,0.133,0.033,0,0,0,0,0,0,0,0,0,0,0,0,0,0,3.134,29.99,4.52
4/5/2019 7:46,1.1,0.467,0.5,0.067,0.067,0.033,0.1,0.033,0.067,0,0,0,0.033,0,0,0,0,0,0,0,0,0,0,0,2.467,29.99,4.53
4/5/2019 7:47,1.367,0.7,0.267,0.067,0.2,0.033,0.067,0,0,0,0,0,0,0,0,0,0,0,0,0,0,0,0,0,2.701,29.99,4.55
4/5/2019 7:48,1.3,0.667,0.4,0.133,0.1,0.1,0.133,0,0.033,0,0.033,0,0,0,0,0,0,0,0,0,0,0,0,0,2.901,29.99,4.48
4/5/2019 7:49,1.167,0.667,0.4,0.067,0.133,0.133,0.067,0.033,0.033,0,0,0,0,0,0,0,0,0,0,0,0,0,0,0,2.701,29.99,4.6
4/5/2019 7:50,1.134,0.634,0.233,0.1,0.2,0.133,0.067,0,0,0.033,0,0,0,0,0,0,0,0,0,0,0,0,0,0,2.534,29.99,4.6
4/5/2019 7:51,1.334,0.7,0.4,0.1,0,0.133,0.133,0.033,0.033,0.033,0,0,0,0,0,0,0,0,0,0,0,0,0,0,2.901,29.99,4.69
4/5/2019 7:52,1,0.9,0.4,0.167,0.167,0.067,0.033,0.033,0.033,0,0,0,0,0,0,0,0,0,0,0,0,0,0,0,2.801,29.99,4.67
4/5/2019 7:53,1.3,0.367,0.167,0.067,0.267,0.133,0.1,0,0.033,0,0,0,0,0,0,0,0,0,0,0,0,0,0,0,2.434,29.99,4.66
4/5/2019 7:54,0.667,0.4,0.3,0.1,0.133,0.067,0.067,0.033,0.033,0,0,0,0,0,0,0,0,0,0,0,0,0,0,0,1.801,29.99,4.83
4/5/2019 7:55,1.167,0.3,0.233,0.133,0.1,0.067,0.067,0.067,0.033,0,0,0,0,0,0,0,0,0,0,0,0,0,0,0,2.167,29.99,4.85
4/5/2019 7:56,0.634,0.267,0.233,0.033,0.067,0.033,0.067,0,0.033,0,0,0,0,0,0,0,0,0,0,0,0,0,0,0,1.367,29.99,4.77
4/5/2019 7:57,1.167,0.5,0.233,0.133,0.067,0.033,0.033,0,0,0,0,0,0,0,0,0,0,0,0,0,0,0,0,0,2.167,29.99,4.74
4/5/2019 7:58,0.634,0.5,0.3,0.033,0.067,0.133,0.033,0,0.033,0,0,0,0,0,0,0,0,0,0,0,0,0,0,0,1.734,29.99,4.79
4/5/2019 7:59,1,0.4,0.467,0.033,0.167,0.1,0.033,0.033,0,0,0,0,0,0,0,0,0,0,0,0,0,0,0,0,2.234,29.99,4.76
4/5/2019 8:00,0.8,0.267,0.2,0.033,0.367,0,0,0,0,0,0,0,0,0,0,0,0,0,0,0,0,0,0,0,1.667,29.99,4.7
4/5/2019 8:01,1.134,0.267,0.167,0.133,0.033,0.033,0.1,0.067,0,0,0,0,0,0,0,0,0,0,0,0,0,0,0,0,1.934,29.99,4.73
4/5/2019 8:02,0.967,0.367,0.167,0.133,0.033,0.1,0,0,0.033,0,0.033,0,0,0,0,0,0,0,0,0,0,0,0,0,1.834,29.99,4.65
4/5/2019 8:03,1,0.4,0.2,0.1,0.133,0.1,0,0.067,0.033,0,0,0,0,0,0,0,0,0,0,0,0,0,0,0,2.034,29.99,4.48
4/5/2019 8:04,0.934,0.233,0.167,0.067,0.033,0.067,0,0.033,0,0,0,0,0,0,0,0,0,0,0,0,0,0,0,0,1.534,29.99,4.49
4/5/2019 8:05,0.7,0.067,0.233,0.033,0.033,0.067,0,0,0,0,0,0,0,0,0,0,0,0,0,0,0,0,0,0,1.134,29.99,4.51
4/5/2019 8:06,0.9,0.433,0.2,0.067,0.033,0.033,0,0,0,0,0,0,0,0,0,0,0,0,0,0,0,0,0,0,1.667,29.99,4.52
4/5/2019 8:07,1.134,0.2,0.433,0.1,0,0.067,0.033,0,0,0.033,0,0,0,0,0,0,0,0,0,0,0,0,0,0,2.001,29.99,4.56
4/5/2019 8:08,0.467,0.2,0.233,0.033,0.167,0,0.033,0.033,0,0,0,0,0,0,0,0,0,0,0,0,0,0,0,0,1.167,29.99,4.54
4/5/2019 8:09,0.967,0.3,0.033,0,0,0,0.033,0,0.033,0,0,0,0,0,0,0,0,0,0,0,0,0,0,0,1.367,29.99,4.55
4/5/2019 8:10,0.8,0.367,0.1,0.067,0.033,0,0.033,0,0.033,0,0,0,0,0,0,0,0,0,0,0,0,0,0,0,1.434,29.99,4.72
4/5/2019 8:11,1,0.367,0.033,0.067,0,0.067,0.1,0.033,0,0,0.033,0,0,0,0,0,0,0,0,0,0,0,0,0,1.701,29.99,4.75
4/5/2019 8:12,0.534,0.2,0,0.033,0.167,0.033,0.067,0,0,0,0,0,0,0,0,0,0,0,0,0,0,0,0,0,1.034,29.99,4.77
4/5/2019 8:13,0.734,0.3,0.167,0,0.067,0.033,0.033,0,0.033,0,0,0,0,0,0,0,0,0,0,0,0,0,0,0,1.367,29.99,4.85
4/5/2019 8:14,0.7,0.267,0.2,0,0.1,0.067,0.033,0,0,0,0,0,0,0,0,0,0,0,0,0,0,0,0,0,1.367,29.99,4.69
4/5/2019 8:15,0.8,0.2,0.167,0,0.067,0.067,0,0.033,0,0,0,0,0,0,0,0,0,0,0,0,0,0,0,0,1.334,29.99,4.75
4/5/2019 8:16,0.5,0.233,0.2,0.1,0,0,0.033,0,0,0,0,0,0,0,0,0,0,0,0,0,0,0,0,0,1.067,29.99,4.7
4/5/2019 8:17,0.534,0.333,0.033,0.067,0.067,0.067,0.033,0,0,0,0,0,0,0,0,0,0,0,0,0,0,0,0,0,1.134,29.99,4.63
4/5/2019 8:18,0.6,0.133,0.1,0.067,0.067,0,0.033,0,0,0,0,0,0,0,0,0,0,0,0,0,0,0,0,0,1,29.99,4.57
4/5/2019 8:19,0.433,0.233,0.033,0.067,0.033,0,0.1,0,0.033,0,0,0,0,0,0,0,0,0,0,0,0,0,0,0,0.934,29.99,4.5
4/5/2019 8:20,0.467,0.267,0.033,0.033,0.033,0.067,0.033,0,0.033,0,0,0,0,0,0,0,0,0,0,0,0,0,0,0,0.967,29.99,4.52
4/5/2019 8:21,0.6,0.233,0.2,0.067,0,0.067,0,0,0,0,0,0,0,0,0,0,0,0,0,0,0,0,0,0,1.167,29.99,4.49
4/5/2019 8:22,0.667,0,0.033,0,0,0,0.067,0,0.033,0,0,0,0,0,0,0,0,0,0,0,0,0,0,0,0.8,29.99,4.49
4/5/2019 8:23,0.467,0.133,0.067,0.067,0.033,0,0,0,0,0,0,0,0,0,0,0,0,0,0,0,0,0,0,0,0.767,29.99,4.46
4/5/2019 8:24,0.5,0.367,0.133,0.067,0,0.033,0.033,0,0,0,0.033,0,0,0,0,0,0,0,0,0,0,0,0,0,1.167,29.99,4.58
4/5/2019 8:25,0.6,0.267,0.233,0,0.033,0.033,0.033,0.033,0,0.033,0,0,0,0,0,0,0,0,0,0,0,0,0,0,1.267,29.99,4.59
4/5/2019 8:26,0.634,0.1,0.033,0.033,0,0,0,0,0,0,0,0,0,0,0,0,0,0,0,0,0,0,0,0,0.8,29.99,4.57
4/5/2019 8:27,0.333,0.233,0.033,0.033,0.067,0.033,0.033,0,0,0,0,0,0,0,0,0,0,0,0,0,0,0,0,0,0.767,29.99,4.65
4/5/2019 8:28,0.433,0.067,0.133,0,0,0,0,0.033,0,0,0,0.033,0,0,0,0,0,0,0,0,0,0,0,0,0.7,29.99,4.67
4/5/2019 8:29,0.433,0.167,0.033,0.033,0.067,0.033,0,0.033,0,0,0,0,0,0,0,0,0,0,0,0,0,0,0,0,0.8,29.99,4.69
4/5/2019 8:30,0.367,0.2,0.1,0,0.033,0.033,0,0,0.033,0,0,0,0,0,0,0,0,0,0,0,0,0,0,0,0.767,29.99,4.62
4/5/2019 8:31,0.4,0,0.1,0.033,0.033,0.033,0,0,0,0,0,0,0,0,0,0,0,0,0,0,0,0,0,0,0.6,29.99,4.62
4/5/2019 8:32,0.5,0.033,0.1,0,0.033,0,0,0,0,0,0,0,0,0,0,0,0,0,0,0,0,0,0,0,0.667,29.99,4.63
4/5/2019 8:33,0.367,0.167,0.1,0.033,0,0.033,0,0,0,0,0,0,0,0,0,0,0,0,0,0,0,0,0,0,0.7,29.99,4.68
4/5/2019 8:34,0.7,0.067,0.067,0,0.033,0,0,0,0,0,0,0,0,0,0,0,0,0,0,0,0,0,0,0,0.867,29.99,4.72
4/5/2019 8:35,0.333,0.1,0.133,0.033,0.033,0,0,0,0,0,0,0,0,0,0,0,0,0,0,0,0,0,0,0,0.634,29.99,4.68
4/5/2019 8:36,0.433,0.2,0.1,0,0.067,0.033,0.033,0.067,0,0,0,0,0,0,0,0,0,0,0,0,0,0,0,0,0.934,29.99,4.68
4/5/2019 8:37,0.433,0.133,0.1,0,0.033,0,0,0,0,0,0,0,0,0,0,0,0,0,0,0,0,0,0,0,0.7,29.99,4.52
4/5/2019 8:38,0.567,0.067,0,0.033,0.033,0.067,0,0,0,0,0,0,0,0,0,0,0,0,0,0,0,0,0,0,0.767,29.99,4.54
4/5/2019 8:39,0.567,0.033,0.067,0,0.067,0,0,0,0,0,0,0,0,0,0,0,0,0,0,0,0,0,0,0,0.734,29.99,4.57
4/5/2019 8:40,0.467,0.1,0.033,0,0,0,0,0,0,0,0,0,0,0,0,0,0,0,0,0,0,0,0,0,0.6,29.99,4.57
4/5/2019 8:41,0.433,0.1,0,0.033,0.033,0,0,0,0,0,0,0,0,0,0,0,0,0,0,0,0,0,0,0,0.6,29.99,4.61
4/5/2019 8:42,1.267,0.233,0.2,0.1,0.133,0.1,0,0.033,0.033,0,0.067,0.133,0.033,0.067,0,0.067,0,0,0,0,0,0,0,0,2.467,29.99,4.5
4/5/2019 8:43,1.534,0.3,0.367,0.033,0.133,0.133,0.2,0,0,0,0.033,0,0,0,0,0,0.033,0,0.033,0,0,0,0,0,2.801,29.99,4.56
4/5/2019 8:44,1,0.433,0.233,0.033,0.033,0.067,0.1,0.033,0,0,0,0,0,0,0.033,0,0,0.033,0,0,0,0,0,0,2.001,29.99,4.51
4/5/2019 8:45,1.667,0.267,0.133,0.1,0.2,0.1,0.1,0,0.067,0.033,0.033,0,0,0,0.033,0,0,0,0,0,0,0,0,0,2.734,29.99,4.56
4/5/2019 8:46,1.967,0.7,0.333,0.133,0.133,0.133,0.1,0.067,0.1,0,0,0,0,0,0,0,0,0,0,0.033,0,0,0,0,3.701,29.99,4.49
4/5/2019 8:47,1.501,0.5,0.367,0.133,0.133,0.2,0.1,0.033,0.1,0,0,0,0,0,0,0,0,0,0,0,0,0,0,0,3.068,29.99,4.44
4/5/2019 8:48,1.567,0.367,0.3,0.067,0.067,0.1,0.067,0,0,0,0.033,0,0,0,0,0,0,0,0,0,0,0,0,0,2.568,29.99,4.52
4/5/2019 8:49,1.634,0.5,0.267,0.1,0.167,0.067,0.033,0.033,0.067,0.033,0,0,0,0,0.033,0.033,0,0,0,0,0,0,0,0,2.968,29.99,4.61
4/5/2019 8:50,1.598,0.376,0.345,0.125,0.094,0.157,0.125,0.031,0.063,0.031,0.031,0,0,0,0,0,0,0,0,0,0,0,0,0,2.976,31.92,4.61
4/5/2019 8:51,1.734,0.433,0.333,0.067,0.133,0.067,0.1,0.033,0.033,0,0.033,0,0,0,0,0,0,0,0,0,0,0,0,0,2.968,29.99,4.37
4/5/2019 8:52,1.667,0.333,0.4,0.033,0.1,0.033,0.1,0.067,0,0.033,0.033,0,0,0,0,0,0,0,0,0,0,0,0,0,2.801,29.99,4.41
4/5/2019 8:53,1.701,0.534,0.167,0.1,0.167,0.2,0.2,0,0,0,0,0,0,0,0,0,0,0,0,0,0.033,0,0,0,3.101,29.99,4.31
4/5/2019 8:54,1.701,0.467,0.4,0.133,0.233,0.2,0.067,0.033,0.033,0.067,0,0,0.033,0.033,0,0.033,0,0,0,0,0,0,0,0,3.434,29.99,4.37
4/5/2019 8:55,1.367,0.333,0.167,0.267,0.167,0.2,0,0.067,0,0,0,0,0,0,0,0,0.033,0,0,0,0.033,0,0,0,2.634,29.99,4.45
4/5/2019 8:56,2.167,0.5,0.233,0.133,0.2,0.033,0.1,0.033,0.067,0,0.033,0,0,0.033,0,0,0,0,0,0.033,0,0,0,0,3.568,29.99,4.48
4/5/2019 8:57,2.101,0.233,0.267,0.167,0.1,0.133,0.1,0.067,0.1,0,0,0,0,0,0.033,0,0,0,0,0,0,0,0,0,3.301,29.99,4.63
4/5/2019 8:58,1.534,0.567,0.133,0.133,0.2,0.2,0.067,0,0.067,0,0.033,0,0.033,0,0,0,0.033,0,0,0,0,0,0,0,3.001,29.99,4.63
4/5/2019 8:59,1.667,0.5,0.267,0.033,0.2,0.2,0.1,0.033,0,0,0,0,0,0,0,0,0,0,0,0,0,0,0,0,3.001,29.99,4.76
4/5/2019 9:01,1.827,0.346,0.247,0.049,0.099,0.049,0.049,0,0.074,0.025,0,0,0,0,0,0.025,0,0,0,0,0,0,0,0,2.79,40.5,4.87
4/5/2019 9:02,1.601,0.4,0.133,0.033,0.133,0.067,0,0.033,0.1,0,0,0,0,0,0.033,0,0.033,0,0,0,0,0,0,0,2.568,29.99,4.89
4/5/2019 9:03,1.4,0.4,0.233,0.133,0.1,0.067,0.033,0.067,0,0,0,0,0,0,0,0,0,0,0,0,0,0,0,0,2.434,29.99,5.03
4/5/2019 9:04,1.234,0.233,0.1,0.067,0.133,0.067,0.067,0,0.067,0,0,0,0.033,0,0,0,0,0,0,0,0,0,0,0,2.001,29.99,5.02
4/5/2019 9:05,1.609,0.376,0.143,0.089,0.179,0.125,0.089,0,0.036,0,0,0,0,0,0,0,0,0,0,0,0,0,0,0,2.647,55.92,4.63
4/5/2019 9:06,1.334,0.167,0.167,0,0.1,0.067,0.1,0.033,0,0,0,0,0,0,0,0,0,0,0,0,0,0,0,0,1.967,29.99,4.68
4/5/2019 9:07,1.534,0.4,0.2,0.033,0.067,0.067,0.167,0.033,0,0,0,0,0,0.033,0,0,0,0,0,0,0,0,0,0,2.534,29.99,4.73
4/5/2019 9:08,1.867,0.233,0.2,0,0.2,0.167,0,0.067,0,0.033,0,0,0,0,0,0,0,0,0,0,0,0,0,0,2.768,29.99,4.68
4/5/2019 9:09,1.634,0.634,0.1,0.133,0.2,0.067,0.067,0.033,0,0.033,0,0,0,0,0,0.033,0,0,0,0,0,0,0,0,2.934,29.99,4.5
4/5/2019 9:10,1.834,0.2,0.167,0.067,0.133,0.167,0.033,0.067,0,0.033,0,0,0,0.033,0,0,0,0,0.033,0,0,0,0,0,2.768,29.99,4.54
4/5/2019 9:11,1.4,0.367,0.2,0.033,0.133,0.133,0.067,0,0,0,0.033,0,0.033,0,0.033,0.033,0,0,0.033,0,0,0,0,0.033,2.534,29.99,4.55
4/5/2019 9:12,1.2,0.2,0.133,0.033,0.1,0.133,0,0,0,0.033,0,0,0,0,0,0.033,0,0,0,0,0,0,0,0,1.867,29.99,4.44
4/5/2019 9:13,1.234,0.167,0.2,0.1,0.067,0.133,0.1,0.033,0.067,0,0,0,0.033,0,0,0,0,0.033,0,0,0.033,0,0,0,2.201,29.99,4.52
4/5/2019 9:14,1.467,0.367,0.233,0.2,0.033,0.033,0.1,0,0.067,0,0,0,0.033,0,0.033,0,0,0,0,0,0,0,0,0,2.568,29.99,4.54
4/5/2019 9:15,1.4,0.367,0.233,0.033,0.167,0.067,0.033,0,0.033,0.067,0,0,0,0.033,0,0.033,0,0.067,0.033,0,0,0,0,0,2.568,29.99,4.45
4/5/2019 9:16,1.167,0.267,0.2,0.067,0.1,0.2,0.1,0.033,0.067,0,0,0.033,0,0.033,0.033,0,0,0,0,0,0,0,0,0,2.301,29.99,4.35
4/5/2019 9:17,1.601,0.467,0.4,0.033,0.1,0.033,0.067,0.033,0,0,0.067,0,0,0.033,0,0.1,0,0,0,0,0,0,0.033,0,2.968,29.99,4.34
4/5/2019 9:18,1.434,0.367,0.133,0,0.033,0.1,0.167,0.067,0.033,0,0,0,0.033,0.033,0,0,0,0,0,0,0.033,0,0,0,2.434,29.99,4.53
4/5/2019 9:19,1.467,0.233,0.2,0.033,0.1,0.133,0.067,0.033,0.033,0.033,0,0,0,0,0,0,0,0,0,0,0,0,0,0,2.334,29.99,4.44
4/5/2019 9:21,1.346,0.336,0.15,0.056,0.037,0.075,0.075,0.037,0.019,0,0,0,0.019,0,0,0,0,0,0,0,0,0,0,0,2.15,53.5,4.26
4/5/2019 9:22,1.367,0.2,0,0.033,0.1,0.133,0.033,0,0.033,0,0,0,0,0,0.033,0.033,0,0.033,0,0.033,0,0,0,0,2.034,29.99,4.37
4/5/2019 9:23,1.834,0.2,0.1,0.033,0.1,0.067,0.033,0,0,0,0,0,0.033,0,0,0,0,0,0,0,0,0.033,0,0,2.434,29.99,4.45
4/5/2019 9:24,1.434,0.2,0.033,0,0.1,0.1,0,0,0,0,0,0,0,0,0,0,0,0,0,0,0,0,0,0,1.867,29.99,4.53
4/5/2019 9:25,1.4,0.267,0.133,0.067,0.1,0.1,0.067,0.067,0.033,0,0,0,0,0,0,0,0,0,0,0.033,0,0,0,0,2.267,29.99,4.5
4/5/2019 9:26,1.501,0.2,0.133,0.033,0.067,0.067,0.033,0.133,0.033,0,0,0,0,0,0.033,0,0,0,0,0,0,0,0,0,2.234,29.99,4.48
4/5/2019 9:27,1.534,0.167,0.1,0.1,0.1,0.033,0.067,0,0,0.067,0,0,0,0,0,0,0,0,0,0,0,0,0,0,2.167,29.99,4.49
4/5/2019 9:28,1.434,0.233,0.133,0.067,0.1,0,0.067,0,0.033,0,0,0,0,0,0,0,0,0,0,0,0,0,0,0,2.067,29.99,4.46
4/5/2019 9:29,1.367,0.233,0.2,0.033,0.033,0.067,0.033,0.033,0,0,0,0.033,0,0,0,0,0,0,0,0,0,0,0,0,2.034,29.99,4.55
4/5/2019 9:30,1.601,0.167,0.1,0,0.067,0.067,0.067,0,0,0.033,0,0,0,0,0,0,0,0,0,0,0,0,0,0,2.101,29.99,4.53
4/5/2019 9:31,1.334,0.1,0.133,0.033,0,0.1,0.1,0,0,0,0,0,0,0,0,0,0,0,0,0,0,0,0,0,1.801,29.99,4.55
4/5/2019 9:32,1.534,0.233,0.067,0.067,0.067,0.033,0.033,0,0,0,0.033,0,0,0,0,0,0,0,0,0,0,0,0,0,2.067,29.99,4.59
4/5/2019 9:33,1.534,0.133,0,0,0.1,0.033,0.067,0.033,0.033,0,0,0,0,0,0,0,0,0,0,0,0,0,0,0,1.934,29.99,4.63
4/5/2019 9:34,1.234,0.2,0.167,0.067,0.067,0.033,0,0.033,0,0,0,0,0,0,0,0,0,0,0,0,0,0,0,0,1.801,29.99,4.6
4/5/2019 9:35,1.334,0.233,0.133,0,0,0.067,0,0,0,0,0,0,0,0,0,0,0,0,0,0,0,0,0,0,1.767,29.99,4.67
4/5/2019 9:36,1.434,0.167,0.2,0.033,0.067,0,0.033,0.033,0,0,0,0,0,0,0,0,0,0,0,0,0,0,0,0,1.967,29.99,4.75
4/5/2019 9:37,1.4,0.233,0.167,0,0,0.1,0.1,0,0,0,0,0.033,0,0,0,0,0,0,0,0,0,0,0,0,2.034,29.99,4.77
4/5/2019 9:38,1.234,0.267,0.067,0.1,0.1,0.033,0,0.033,0,0,0,0,0,0,0,0,0,0,0,0,0,0,0,0,1.834,29.99,4.71
4/5/2019 9:39,1.467,0.233,0.1,0,0,0.033,0.033,0,0,0,0,0,0,0,0,0,0,0,0,0,0,0,0,0,1.867,29.99,4.77
4/5/2019 9:40,1.601,0.167,0.033,0,0.033,0,0,0,0,0,0,0,0,0,0,0,0.033,0,0,0,0,0,0,0,1.867,29.99,4.87
4/5/2019 9:41,1.234,0.233,0.1,0,0,0.033,0.033,0,0.033,0,0.033,0,0,0.033,0,0,0,0,0,0,0,0,0,0,1.734,29.99,4.96
4/5/2019 9:42,1.234,0.1,0.067,0.067,0.067,0.033,0,0.033,0,0,0,0,0,0,0,0,0,0,0,0,0,0,0,0,1.601,29.99,4.94
4/5/2019 9:43,1.967,0.167,0.167,0,0.1,0.067,0.033,0.033,0,0,0,0,0,0,0.033,0,0,0,0,0.033,0,0,0,0,2.601,29.99,4.95
