date,>0.30 ?m,>0.40 ?m,>0.50 ?m,>0.65 ?m,>0.80 ?m,>1.0 ?m,>1.6 ?m,>2.0 ?m,>3.0 ?m,>4.0 ?m,>5.0 ?m,>7.5 ?m,>10.0 ?m,>15.0 ?m,>20.0 ?m
04/04/2019 16.45.00,2095,575,210,35,15,10,10,3,0,0,0,0,0,0,0
04/04/2019 16.46.00,2145,595,245,75,50,25,20,8,1,0,0,0,0,0,0
04/04/2019 16.47.00,2035,560,195,80,50,30,15,6,0,0,0,0,0,0,0
04/04/2019 16.48.00,2030,585,155,35,25,15,5,3,0,0,0,0,0,0,0
04/04/2019 16.49.00,2145,530,160,40,15,15,10,5,2,1,1,1,1,0,0
04/04/2019 16.50.00,2356,570,165,50,40,25,15,7,1,0,0,0,0,0,0
04/04/2019 16.51.00,2431,700,215,40,10,10,5,4,1,1,1,1,0,0,0
04/04/2019 16.52.00,2316,695,240,90,50,40,25,10,4,4,4,2,1,0,0
04/04/2019 16.53.00,2331,680,225,75,35,35,25,13,2,2,1,1,0,0,0
04/04/2019 16.54.00,2381,680,215,70,40,35,30,15,3,3,1,1,0,0,0
04/04/2019 16.55.00,2576,705,215,75,45,40,30,15,9,7,4,4,3,1,0
04/04/2019 16.56.00,3201,1035,460,180,125,115,80,49,35,26,21,16,10,3,1
04/04/2019 16.57.00,2506,775,290,125,85,75,55,24,7,7,6,6,1,0,0
04/04/2019 16.58.00,2561,825,320,205,150,130,80,59,45,37,24,15,9,2,2
04/04/2019 16.59.00,2606,815,285,100,75,65,45,31,18,14,9,7,3,1,0
04/04/2019 17.00.00,2526,805,310,130,105,105,85,47,28,20,13,8,8,4,0
04/04/2019 17.01.00,2496,725,285,125,85,70,60,29,10,6,6,5,5,2,1
04/04/2019 17.02.00,2621,710,290,115,80,70,45,21,10,10,8,6,4,0,0
04/04/2019 17.03.00,2536,760,285,95,75,65,60,40,29,24,19,10,4,0,0
04/04/2019 17.04.00,2621,680,285,115,70,60,45,26,13,11,8,7,4,1,0
04/04/2019 17.05.00,2766,760,270,80,35,15,5,3,0,0,0,0,0,0,0
04/04/2019 17.06.00,2736,750,215,80,70,50,35,23,12,10,9,3,1,1,1
04/04/2019 17.07.00,2861,790,340,165,95,70,60,31,13,9,7,5,3,0,0
04/04/2019 17.08.00,2856,770,275,120,95,90,60,43,19,9,6,4,2,0,0
04/04/2019 17.09.00,2916,820,265,85,70,55,40,27,9,5,3,3,2,0,0
04/04/2019 17.10.00,2986,785,215,95,60,50,40,21,8,6,2,1,1,0,0
04/04/2019 17.11.00,2851,785,270,100,70,55,30,19,8,6,6,5,2,0,0
04/04/2019 17.12.00,2826,695,300,80,50,30,15,8,5,3,1,1,0,0,0
04/04/2019 17.13.00,2871,875,295,100,70,60,45,30,7,6,5,2,0,0,0
04/04/2019 17.14.00,2771,790,310,105,30,30,25,17,12,10,9,6,4,0,0
04/04/2019 17.15.00,2881,790,300,130,90,80,45,29,10,7,6,4,4,0,0
04/04/2019 17.16.00,2911,850,265,110,85,75,65,35,12,7,5,3,3,0,0
04/04/2019 17.17.00,2856,680,215,45,30,15,10,5,3,2,1,1,1,0,0
04/04/2019 17.18.00,3236,990,380,160,115,100,90,36,11,7,6,6,3,2,1
04/04/2019 17.19.00,2671,715,280,100,75,60,45,31,16,13,9,6,4,1,0
04/04/2019 17.20.00,2876,890,325,130,75,70,45,21,10,10,6,3,3,0,0
04/04/2019 17.21.00,2786,705,300,80,50,40,20,15,8,6,5,4,2,0,0
04/04/2019 17.22.00,2991,865,340,165,115,105,70,36,14,8,7,7,3,1,0
04/04/2019 17.23.00,2716,755,320,145,115,100,70,39,15,15,11,7,3,1,1
04/04/2019 17.24.00,2806,690,290,130,80,55,25,19,12,6,4,3,2,0,0
04/04/2019 17.25.00,2776,810,290,130,90,65,60,30,15,12,8,5,5,0,0
04/04/2019 17.26.00,2996,820,250,105,65,55,35,24,11,9,6,2,1,0,0
04/04/2019 17.27.00,3201,935,395,160,100,90,60,26,7,7,6,5,3,1,0
04/04/2019 17.28.00,2726,790,270,145,90,85,60,38,21,14,10,7,3,0,0
04/04/2019 17.29.00,2886,790,255,65,40,35,20,7,4,1,1,0,0,0,0
04/04/2019 17.30.00,3166,820,270,125,80,70,60,45,26,18,13,11,7,3,1
04/04/2019 17.31.00,3381,895,350,140,90,80,60,47,35,28,24,18,15,2,0
04/04/2019 17.32.00,3201,835,300,120,85,70,55,34,18,14,10,8,6,2,1
04/04/2019 17.33.00,3161,920,340,175,120,105,75,56,26,20,15,15,8,2,2
04/04/2019 17.34.00,3276,1015,445,210,145,120,95,53,19,16,14,9,5,2,0
04/04/2019 17.35.00,2566,680,280,125,100,75,50,28,17,15,10,8,5,0,0
04/04/2019 17.36.00,2626,750,245,115,45,30,25,20,17,12,11,8,8,4,1
04/04/2019 17.37.00,2741,695,240,125,80,70,55,31,15,11,10,8,5,0,0
04/04/2019 17.38.00,2551,715,275,120,95,80,50,26,13,12,8,8,5,2,1
04/04/2019 17.39.00,2521,715,240,100,60,45,35,15,7,6,4,3,2,1,1
04/04/2019 17.40.00,2476,540,265,105,65,45,10,5,1,1,0,0,0,0,0
04/04/2019 17.41.00,2451,620,190,65,55,55,30,21,14,12,10,8,4,2,0
04/04/2019 17.42.00,2496,595,245,125,80,60,45,21,6,3,2,2,1,0,0
04/04/2019 17.43.00,2451,685,225,95,70,50,20,9,1,1,0,0,0,0,0
04/04/2019 17.44.00,2401,575,190,65,55,35,35,20,8,5,3,3,2,0,0
04/04/2019 17.45.00,2311,605,205,105,60,55,30,11,2,1,1,1,1,0,0
04/04/2019 17.46.00,2511,670,215,80,35,25,15,10,5,3,1,0,0,0,0
04/04/2019 17.47.00,2100,565,120,45,30,25,20,9,2,2,1,0,0,0,0
04/04/2019 17.48.00,2176,550,195,85,50,40,40,17,6,2,2,1,1,0,0
04/04/2019 17.49.00,1995,415,100,45,30,30,30,16,1,0,0,0,0,0,0
04/04/2019 17.50.00,2060,465,120,45,40,25,15,9,1,1,0,0,0,0,0
04/04/2019 17.51.00,2005,490,120,65,40,35,30,12,4,2,2,1,0,0,0
04/04/2019 17.52.00,2095,475,150,90,55,50,40,20,4,3,1,1,0,0,0
04/04/2019 17.53.00,1915,445,125,35,20,20,15,9,4,1,1,0,0,0,0
04/04/2019 17.54.00,2050,450,160,55,35,25,25,9,3,3,2,2,0,0,0
04/04/2019 17.55.00,2115,495,155,55,30,25,20,4,1,0,0,0,0,0,0
04/04/2019 17.56.00,1990,490,115,40,25,20,5,3,1,1,1,0,0,0,0
04/04/2019 17.57.00,1990,465,115,20,10,5,5,1,1,1,1,0,0,0,0
04/04/2019 17.58.00,1915,400,110,40,25,20,15,8,1,0,0,0,0,0,0
04/04/2019 17.59.00,1860,390,135,50,30,15,5,1,1,1,1,1,0,0,0
04/04/2019 18.00.00,1845,410,115,60,40,40,35,19,5,2,2,1,1,1,1
04/04/2019 18.01.00,1920,450,80,45,25,20,15,6,1,0,0,0,0,0,0
04/04/2019 18.02.00,1735,410,140,70,40,25,15,9,1,0,0,0,0,0,0
04/04/2019 18.03.00,1720,415,95,35,25,25,20,8,2,1,0,0,0,0,0
04/04/2019 18.04.00,1765,470,130,35,30,25,10,7,1,0,0,0,0,0,0
04/04/2019 18.05.00,1700,370,100,20,20,15,5,4,1,1,1,0,0,0,0
04/04/2019 18.06.00,1620,310,80,20,10,5,5,0,0,0,0,0,0,0,0
04/04/2019 18.07.00,1645,365,105,20,10,10,10,6,1,0,0,0,0,0,0
04/04/2019 18.08.00,1630,365,105,25,5,5,0,0,0,0,0,0,0,0,0
04/04/2019 18.09.00,1680,420,90,20,20,10,5,4,1,0,0,0,0,0,0
04/04/2019 18.10.00,1820,340,120,55,30,25,20,5,0,0,0,0,0,0,0
04/04/2019 18.11.00,1735,350,95,20,20,10,0,0,0,0,0,0,0,0,0
04/04/2019 18.12.00,1605,350,100,10,10,5,0,0,0,0,0,0,0,0,0
04/04/2019 18.13.00,1565,290,55,25,10,10,10,0,0,0,0,0,0,0,0
04/04/2019 18.14.00,1555,360,90,30,20,20,20,10,2,1,1,1,0,0,0
04/04/2019 18.15.00,1620,345,120,30,20,15,10,5,0,0,0,0,0,0,0
04/04/2019 18.16.00,1405,340,80,25,10,0,0,0,0,0,0,0,0,0,0
04/04/2019 18.17.00,1375,250,45,15,10,0,0,0,0,0,0,0,0,0,0
04/04/2019 18.18.00,1790,335,100,20,10,10,0,0,0,0,0,0,0,0,0
04/04/2019 18.19.00,1505,280,85,30,10,10,5,3,0,0,0,0,0,0,0
04/04/2019 18.20.00,1640,295,100,15,10,5,5,0,0,0,0,0,0,0,0
04/04/2019 18.21.00,1115,255,65,10,10,10,10,3,0,0,0,0,0,0,0
04/04/2019 18.22.00,1395,295,60,5,5,0,0,0,0,0,0,0,0,0,0
04/04/2019 18.23.00,1195,205,65,20,20,20,10,6,0,0,0,0,0,0,0
04/04/2019 18.24.00,1285,275,85,30,15,0,0,0,0,0,0,0,0,0,0
04/04/2019 18.25.00,1305,250,40,15,5,5,0,0,0,0,0,0,0,0,0
04/04/2019 18.26.00,1325,280,45,20,15,5,5,3,0,0,0,0,0,0,0
04/04/2019 18.27.00,1255,215,75,30,15,5,0,0,0,0,0,0,0,0,0
04/04/2019 18.28.00,1290,250,70,10,5,5,0,0,0,0,0,0,0,0,0
04/04/2019 18.29.00,1365,260,40,10,10,5,5,3,0,0,0,0,0,0,0
04/04/2019 18.30.00,1145,280,45,10,5,5,5,3,0,0,0,0,0,0,0
04/04/2019 18.31.00,1250,255,70,20,10,10,10,1,1,0,0,0,0,0,0
04/04/2019 18.32.00,1395,275,70,5,5,5,0,0,0,0,0,0,0,0,0
04/04/2019 18.33.00,1140,210,45,15,15,15,10,6,0,0,0,0,0,0,0
04/04/2019 18.34.00,1215,200,50,15,5,5,0,0,0,0,0,0,0,0,0
04/04/2019 18.35.00,1210,250,70,20,15,10,10,5,0,0,0,0,0,0,0
04/04/2019 18.36.00,1235,255,60,15,5,5,0,0,0,0,0,0,0,0,0
04/04/2019 18.37.00,1130,180,45,10,5,0,0,0,0,0,0,0,0,0,0
04/04/2019 18.38.00,1350,235,50,30,15,10,10,3,0,0,0,0,0,0,0
04/04/2019 18.39.00,1085,240,75,20,15,15,5,3,1,0,0,0,0,0,0
04/04/2019 18.40.00,935,145,70,20,15,10,5,3,0,0,0,0,0,0,0
04/04/2019 18.41.00,1170,230,60,5,5,5,0,0,0,0,0,0,0,0,0
04/04/2019 18.42.00,1095,250,85,30,15,5,0,0,0,0,0,0,0,0,0
04/04/2019 18.43.00,1235,250,65,30,25,20,10,3,0,0,0,0,0,0,0
04/04/2019 18.44.00,950,190,20,5,0,0,0,0,0,0,0,0,0,0,0
04/04/2019 18.45.00,1075,170,50,10,0,0,0,0,0,0,0,0,0,0,0
04/04/2019 18.46.00,1015,175,40,5,5,5,0,0,0,0,0,0,0,0,0
04/04/2019 18.47.00,930,140,35,5,5,5,0,0,0,0,0,0,0,0,0
04/04/2019 18.48.00,1030,195,50,20,15,15,10,3,0,0,0,0,0,0,0
04/04/2019 18.49.00,1105,185,40,10,10,5,5,0,0,0,0,0,0,0,0
04/04/2019 18.50.00,970,175,55,20,10,10,5,3,0,0,0,0,0,0,0
04/04/2019 18.51.00,915,160,40,5,0,0,0,0,0,0,0,0,0,0,0
04/04/2019 18.52.00,1070,165,40,15,0,0,0,0,0,0,0,0,0,0,0
04/04/2019 18.53.00,935,135,30,5,0,0,0,0,0,0,0,0,0,0,0
04/04/2019 18.54.00,990,170,35,0,0,0,0,0,0,0,0,0,0,0,0
04/04/2019 18.55.00,980,160,25,5,0,0,0,0,0,0,0,0,0,0,0
04/04/2019 18.56.00,930,190,60,15,5,5,5,3,0,0,0,0,0,0,0
04/04/2019 18.57.00,1120,145,40,10,5,5,0,0,0,0,0,0,0,0,0
04/04/2019 18.58.00,925,140,25,10,10,10,10,6,1,0,0,0,0,0,0
04/04/2019 18.59.00,995,195,65,15,5,5,0,0,0,0,0,0,0,0,0
04/04/2019 19.00.00,965,150,30,0,0,0,0,0,0,0,0,0,0,0,0
04/04/2019 19.01.00,960,175,45,25,15,15,5,0,0,0,0,0,0,0,0
04/04/2019 19.02.00,870,160,55,15,10,10,5,3,0,0,0,0,0,0,0
04/04/2019 19.03.00,855,155,45,25,15,10,5,3,0,0,0,0,0,0,0
04/04/2019 19.04.00,950,155,20,0,0,0,0,0,0,0,0,0,0,0,0
04/04/2019 19.05.00,880,155,35,5,0,0,0,0,0,0,0,0,0,0,0
04/04/2019 19.06.00,755,135,15,10,5,5,5,0,0,0,0,0,0,0,0
04/04/2019 19.07.00,745,150,40,5,0,0,0,0,0,0,0,0,0,0,0
04/04/2019 19.08.00,840,150,45,15,0,0,0,0,0,0,0,0,0,0,0
04/04/2019 19.09.00,920,130,30,0,0,0,0,0,0,0,0,0,0,0,0
04/04/2019 19.10.00,840,145,30,10,0,0,0,0,0,0,0,0,0,0,0
04/04/2019 19.11.00,930,175,50,15,10,10,10,3,0,0,0,0,0,0,0
04/04/2019 19.12.00,845,140,40,10,10,10,5,3,0,0,0,0,0,0,0
04/04/2019 19.13.00,760,130,20,15,15,5,0,0,0,0,0,0,0,0,0
04/04/2019 19.14.00,860,180,50,15,15,15,10,3,0,0,0,0,0,0,0
04/04/2019 19.15.00,870,135,25,0,0,0,0,0,0,0,0,0,0,0,0
04/04/2019 19.16.00,935,185,45,10,0,0,0,0,0,0,0,0,0,0,0
04/04/2019 19.17.00,930,145,10,0,0,0,0,0,0,0,0,0,0,0,0
04/04/2019 19.18.00,975,165,50,10,10,10,5,3,0,0,0,0,0,0,0
04/04/2019 19.19.00,815,125,40,20,5,0,0,0,0,0,0,0,0,0,0
04/04/2019 19.20.00,815,105,20,5,0,0,0,0,0,0,0,0,0,0,0
04/04/2019 19.21.00,835,130,30,5,0,0,0,0,0,0,0,0,0,0,0
04/04/2019 19.22.00,835,160,35,0,0,0,0,0,0,0,0,0,0,0,0
04/04/2019 19.23.00,865,145,25,5,0,0,0,0,0,0,0,0,0,0,0
04/04/2019 19.24.00,680,135,10,10,5,5,0,0,0,0,0,0,0,0,0
04/04/2019 19.25.00,790,150,25,0,0,0,0,0,0,0,0,0,0,0,0
04/04/2019 19.26.00,790,135,40,5,5,5,5,3,0,0,0,0,0,0,0
04/04/2019 19.27.00,890,140,30,15,5,5,0,0,0,0,0,0,0,0,0
04/04/2019 19.28.00,670,110,40,10,5,0,0,0,0,0,0,0,0,0,0
04/04/2019 19.29.00,700,115,30,10,0,0,0,0,0,0,0,0,0,0,0
04/04/2019 19.30.00,770,125,25,5,5,0,0,0,0,0,0,0,0,0,0
04/04/2019 19.31.00,615,140,30,5,0,0,0,0,0,0,0,0,0,0,0
04/04/2019 19.32.00,730,155,40,10,0,0,0,0,0,0,0,0,0,0,0
04/04/2019 19.33.00,735,130,10,5,0,0,0,0,0,0,0,0,0,0,0
04/04/2019 19.34.00,715,140,15,0,0,0,0,0,0,0,0,0,0,0,0
04/04/2019 19.35.00,670,110,20,0,0,0,0,0,0,0,0,0,0,0,0
04/04/2019 19.36.00,665,75,10,0,0,0,0,0,0,0,0,0,0,0,0
04/04/2019 19.37.00,740,155,30,5,0,0,0,0,0,0,0,0,0,0,0
04/04/2019 19.38.00,720,130,20,5,0,0,0,0,0,0,0,0,0,0,0
04/04/2019 19.39.00,760,165,50,15,10,10,10,3,0,0,0,0,0,0,0
04/04/2019 19.40.00,735,125,25,10,0,0,0,0,0,0,0,0,0,0,0
04/04/2019 19.41.00,790,115,30,5,5,5,0,0,0,0,0,0,0,0,0
04/04/2019 19.42.00,830,115,10,0,0,0,0,0,0,0,0,0,0,0,0
04/04/2019 19.43.00,660,125,45,15,10,10,5,3,0,0,0,0,0,0,0
04/04/2019 19.44.00,740,145,25,10,10,5,5,3,0,0,0,0,0,0,0
04/04/2019 19.45.00,610,115,15,0,0,0,0,0,0,0,0,0,0,0,0
04/04/2019 19.46.00,685,100,25,5,0,0,0,0,0,0,0,0,0,0,0
04/04/2019 19.47.00,640,110,35,0,0,0,0,0,0,0,0,0,0,0,0
04/04/2019 19.48.00,715,100,20,0,0,0,0,0,0,0,0,0,0,0,0
04/04/2019 19.49.00,680,130,45,0,0,0,0,0,0,0,0,0,0,0,0
04/04/2019 19.50.00,660,105,25,5,0,0,0,0,0,0,0,0,0,0,0
04/04/2019 19.51.00,720,90,15,0,0,0,0,0,0,0,0,0,0,0,0
04/04/2019 19.52.00,695,140,30,10,5,0,0,0,0,0,0,0,0,0,0
04/04/2019 19.53.00,645,75,25,5,0,0,0,0,0,0,0,0,0,0,0
04/04/2019 19.54.00,525,90,10,0,0,0,0,0,0,0,0,0,0,0,0
04/04/2019 19.55.00,690,105,30,5,0,0,0,0,0,0,0,0,0,0,0
04/04/2019 19.56.00,615,70,15,10,10,5,0,0,0,0,0,0,0,0,0
04/04/2019 19.57.00,595,105,20,0,0,0,0,0,0,0,0,0,0,0,0
04/04/2019 19.58.00,690,130,25,0,0,0,0,0,0,0,0,0,0,0,0
04/04/2019 19.59.00,580,110,15,5,5,0,0,0,0,0,0,0,0,0,0
04/04/2019 20.00.00,615,90,20,10,5,5,5,0,0,0,0,0,0,0,0
04/04/2019 20.01.00,550,75,20,5,0,0,0,0,0,0,0,0,0,0,0
04/04/2019 20.02.00,605,140,30,5,0,0,0,0,0,0,0,0,0,0,0
04/04/2019 20.03.00,635,75,15,0,0,0,0,0,0,0,0,0,0,0,0
04/04/2019 20.04.00,515,70,20,0,0,0,0,0,0,0,0,0,0,0,0
04/04/2019 20.05.00,585,105,40,5,5,0,0,0,0,0,0,0,0,0,0
04/04/2019 20.06.00,550,70,15,0,0,0,0,0,0,0,0,0,0,0,0
04/04/2019 20.07.00,630,110,20,5,0,0,0,0,0,0,0,0,0,0,0
04/04/2019 20.08.00,510,75,10,5,0,0,0,0,0,0,0,0,0,0,0
04/04/2019 20.09.00,605,80,10,0,0,0,0,0,0,0,0,0,0,0,0
04/04/2019 20.10.00,635,100,30,5,5,5,0,0,0,0,0,0,0,0,0
04/04/2019 20.11.00,530,110,20,0,0,0,0,0,0,0,0,0,0,0,0
04/04/2019 20.12.00,470,85,20,0,0,0,0,0,0,0,0,0,0,0,0
04/04/2019 20.13.00,635,120,25,5,5,5,0,0,0,0,0,0,0,0,0
04/04/2019 20.14.00,520,60,5,0,0,0,0,0,0,0,0,0,0,0,0
04/04/2019 20.15.00,660,105,20,0,0,0,0,0,0,0,0,0,0,0,0
04/04/2019 20.16.00,540,95,0,0,0,0,0,0,0,0,0,0,0,0,0
04/04/2019 20.17.00,555,115,35,0,0,0,0,0,0,0,0,0,0,0,0
04/04/2019 20.18.00,555,105,30,5,0,0,0,0,0,0,0,0,0,0,0
04/04/2019 20.19.00,630,80,20,0,0,0,0,0,0,0,0,0,0,0,0
04/04/2019 20.20.00,590,75,5,0,0,0,0,0,0,0,0,0,0,0,0
04/04/2019 20.21.00,535,110,30,10,0,0,0,0,0,0,0,0,0,0,0
04/04/2019 20.22.00,495,55,20,5,0,0,0,0,0,0,0,0,0,0,0
04/04/2019 20.23.00,635,100,25,5,5,5,0,0,0,0,0,0,0,0,0
04/04/2019 20.24.00,595,55,25,0,0,0,0,0,0,0,0,0,0,0,0
04/04/2019 20.25.00,475,80,5,0,0,0,0,0,0,0,0,0,0,0,0
04/04/2019 20.26.00,525,85,10,0,0,0,0,0,0,0,0,0,0,0,0
04/04/2019 20.27.00,545,105,30,5,5,5,0,0,0,0,0,0,0,0,0
04/04/2019 20.28.00,485,75,10,0,0,0,0,0,0,0,0,0,0,0,0
04/04/2019 20.29.00,550,100,25,10,5,5,0,0,0,0,0,0,0,0,0
04/04/2019 20.30.00,570,100,25,10,10,10,10,3,0,0,0,0,0,0,0
04/04/2019 20.31.00,555,90,25,10,0,0,0,0,0,0,0,0,0,0,0
04/04/2019 20.32.00,700,95,10,10,5,0,0,0,0,0,0,0,0,0,0
04/04/2019 20.33.00,600,85,5,5,5,0,0,0,0,0,0,0,0,0,0
04/04/2019 20.34.00,660,105,20,0,0,0,0,0,0,0,0,0,0,0,0
04/04/2019 20.35.00,515,75,10,5,0,0,0,0,0,0,0,0,0,0,0
04/04/2019 20.36.00,440,75,15,0,0,0,0,0,0,0,0,0,0,0,0
04/04/2019 20.37.00,500,85,30,5,5,5,5,3,0,0,0,0,0,0,0
04/04/2019 20.38.00,500,80,25,5,0,0,0,0,0,0,0,0,0,0,0
04/04/2019 20.39.00,425,50,15,0,0,0,0,0,0,0,0,0,0,0,0
04/04/2019 20.40.00,495,100,30,5,5,5,5,3,0,0,0,0,0,0,0
04/04/2019 20.41.00,480,105,10,0,0,0,0,0,0,0,0,0,0,0,0
04/04/2019 20.42.00,370,75,15,10,5,5,5,3,0,0,0,0,0,0,0
04/04/2019 20.43.00,500,85,20,20,10,5,0,0,0,0,0,0,0,0,0
04/04/2019 20.44.00,505,70,15,5,0,0,0,0,0,0,0,0,0,0,0
04/04/2019 20.45.00,390,80,10,0,0,0,0,0,0,0,0,0,0,0,0
04/04/2019 20.46.00,500,55,0,0,0,0,0,0,0,0,0,0,0,0,0
04/04/2019 20.47.00,430,60,30,0,0,0,0,0,0,0,0,0,0,0,0
04/04/2019 20.48.00,525,75,10,5,0,0,0,0,0,0,0,0,0,0,0
04/04/2019 20.49.00,430,90,20,0,0,0,0,0,0,0,0,0,0,0,0
04/04/2019 20.50.00,450,85,15,0,0,0,0,0,0,0,0,0,0,0,0
04/04/2019 20.51.00,445,60,5,0,0,0,0,0,0,0,0,0,0,0,0
04/04/2019 20.52.00,490,100,10,0,0,0,0,0,0,0,0,0,0,0,0
04/04/2019 20.53.00,465,90,15,0,0,0,0,0,0,0,0,0,0,0,0
04/04/2019 20.54.00,455,120,35,10,0,0,0,0,0,0,0,0,0,0,0
04/04/2019 20.55.00,510,95,20,5,5,5,0,0,0,0,0,0,0,0,0
04/04/2019 20.56.00,450,85,15,0,0,0,0,0,0,0,0,0,0,0,0
04/04/2019 20.57.00,385,55,20,5,5,0,0,0,0,0,0,0,0,0,0
04/04/2019 20.58.00,480,50,10,5,0,0,0,0,0,0,0,0,0,0,0
04/04/2019 20.59.00,465,55,10,10,5,5,5,3,0,0,0,0,0,0,0
04/04/2019 21.00.00,435,80,15,0,0,0,0,0,0,0,0,0,0,0,0
04/04/2019 21.01.00,320,55,10,0,0,0,0,0,0,0,0,0,0,0,0
04/04/2019 21.02.00,405,70,20,5,0,0,0,0,0,0,0,0,0,0,0
04/04/2019 21.03.00,385,70,20,5,0,0,0,0,0,0,0,0,0,0,0
04/04/2019 21.04.00,465,105,40,5,0,0,0,0,0,0,0,0,0,0,0
04/04/2019 21.05.00,385,50,0,0,0,0,0,0,0,0,0,0,0,0,0
04/04/2019 21.06.00,495,40,5,0,0,0,0,0,0,0,0,0,0,0,0
04/04/2019 21.07.00,440,75,15,0,0,0,0,0,0,0,0,0,0,0,0
04/04/2019 21.08.00,380,75,20,15,15,5,5,3,0,0,0,0,0,0,0
04/04/2019 21.09.00,475,90,20,5,5,5,0,0,0,0,0,0,0,0,0
04/04/2019 21.10.00,360,25,0,0,0,0,0,0,0,0,0,0,0,0,0
04/04/2019 21.11.00,480,90,25,0,0,0,0,0,0,0,0,0,0,0,0
04/04/2019 21.12.00,450,95,25,0,0,0,0,0,0,0,0,0,0,0,0
04/04/2019 21.13.00,465,70,5,0,0,0,0,0,0,0,0,0,0,0,0
04/04/2019 21.14.00,480,100,0,0,0,0,0,0,0,0,0,0,0,0,0
04/04/2019 21.15.00,400,55,15,0,0,0,0,0,0,0,0,0,0,0,0
04/04/2019 21.16.00,435,95,15,5,0,0,0,0,0,0,0,0,0,0,0
04/04/2019 21.17.00,425,40,10,0,0,0,0,0,0,0,0,0,0,0,0
04/04/2019 21.18.00,370,55,10,0,0,0,0,0,0,0,0,0,0,0,0
04/04/2019 21.19.00,315,40,10,0,0,0,0,0,0,0,0,0,0,0,0
04/04/2019 21.20.00,415,75,20,0,0,0,0,0,0,0,0,0,0,0,0
04/04/2019 21.21.00,295,40,10,5,0,0,0,0,0,0,0,0,0,0,0
04/04/2019 21.22.00,380,45,25,0,0,0,0,0,0,0,0,0,0,0,0
04/04/2019 21.23.00,345,50,10,0,0,0,0,0,0,0,0,0,0,0,0
04/04/2019 21.24.00,355,60,10,0,0,0,0,0,0,0,0,0,0,0,0
04/04/2019 21.25.00,445,80,20,0,0,0,0,0,0,0,0,0,0,0,0
04/04/2019 21.26.00,415,50,25,5,0,0,0,0,0,0,0,0,0,0,0
04/04/2019 21.27.00,450,70,10,5,0,0,0,0,0,0,0,0,0,0,0
04/04/2019 21.28.00,425,85,35,5,0,0,0,0,0,0,0,0,0,0,0
04/04/2019 21.29.00,380,60,10,5,5,0,0,0,0,0,0,0,0,0,0
04/04/2019 21.30.00,425,90,30,10,0,0,0,0,0,0,0,0,0,0,0
04/04/2019 21.31.00,360,40,5,0,0,0,0,0,0,0,0,0,0,0,0
04/04/2019 21.32.00,360,55,5,5,5,5,5,3,0,0,0,0,0,0,0
04/04/2019 21.33.00,360,75,35,5,0,0,0,0,0,0,0,0,0,0,0
04/04/2019 21.34.00,425,75,25,5,5,0,0,0,0,0,0,0,0,0,0
04/04/2019 21.35.00,415,75,5,0,0,0,0,0,0,0,0,0,0,0,0
04/04/2019 21.36.00,435,100,15,5,5,5,5,0,0,0,0,0,0,0,0
04/04/2019 21.37.00,430,60,20,5,0,0,0,0,0,0,0,0,0,0,0
04/04/2019 21.38.00,365,50,10,0,0,0,0,0,0,0,0,0,0,0,0
04/04/2019 21.39.00,425,85,30,0,0,0,0,0,0,0,0,0,0,0,0
04/04/2019 21.40.00,310,70,10,0,0,0,0,0,0,0,0,0,0,0,0
04/04/2019 21.41.00,305,50,15,0,0,0,0,0,0,0,0,0,0,0,0
04/04/2019 21.42.00,425,85,20,5,5,0,0,0,0,0,0,0,0,0,0
04/04/2019 21.43.00,365,55,20,5,0,0,0,0,0,0,0,0,0,0,0
04/04/2019 21.44.00,325,40,10,5,5,0,0,0,0,0,0,0,0,0,0
04/04/2019 21.45.00,320,55,10,5,0,0,0,0,0,0,0,0,0,0,0
04/04/2019 21.46.00,410,90,20,0,0,0,0,0,0,0,0,0,0,0,0
04/04/2019 21.47.00,390,60,10,0,0,0,0,0,0,0,0,0,0,0,0
04/04/2019 21.48.00,445,60,10,5,5,5,5,3,0,0,0,0,0,0,0
04/04/2019 21.49.00,410,65,30,5,0,0,0,0,0,0,0,0,0,0,0
04/04/2019 21.50.00,385,60,5,0,0,0,0,0,0,0,0,0,0,0,0
04/04/2019 21.51.00,405,85,10,0,0,0,0,0,0,0,0,0,0,0,0
04/04/2019 21.52.00,390,50,15,0,0,0,0,0,0,0,0,0,0,0,0
04/04/2019 21.53.00,370,65,10,5,0,0,0,0,0,0,0,0,0,0,0
04/04/2019 21.54.00,330,70,30,5,5,5,0,0,0,0,0,0,0,0,0
04/04/2019 21.55.00,390,30,5,0,0,0,0,0,0,0,0,0,0,0,0
04/04/2019 21.56.00,340,40,15,5,0,0,0,0,0,0,0,0,0,0,0
04/04/2019 21.57.00,395,50,5,0,0,0,0,0,0,0,0,0,0,0,0
04/04/2019 21.58.00,420,70,25,0,0,0,0,0,0,0,0,0,0,0,0
04/04/2019 21.59.00,370,50,15,10,5,0,0,0,0,0,0,0,0,0,0
04/04/2019 22.00.00,395,55,0,0,0,0,0,0,0,0,0,0,0,0,0
04/04/2019 22.01.00,260,55,5,0,0,0,0,0,0,0,0,0,0,0,0
04/04/2019 22.02.00,355,60,15,0,0,0,0,0,0,0,0,0,0,0,0
04/04/2019 22.03.00,375,65,15,5,0,0,0,0,0,0,0,0,0,0,0
04/04/2019 22.04.00,325,45,10,5,5,0,0,0,0,0,0,0,0,0,0
04/04/2019 22.05.00,335,65,15,0,0,0,0,0,0,0,0,0,0,0,0
04/04/2019 22.06.00,375,60,30,10,0,0,0,0,0,0,0,0,0,0,0
04/04/2019 22.07.00,325,45,10,0,0,0,0,0,0,0,0,0,0,0,0
04/04/2019 22.08.00,300,55,25,5,0,0,0,0,0,0,0,0,0,0,0
04/04/2019 22.09.00,295,65,15,5,0,0,0,0,0,0,0,0,0,0,0
04/04/2019 22.10.00,320,80,20,5,5,5,5,3,0,0,0,0,0,0,0
04/04/2019 22.11.00,405,65,0,0,0,0,0,0,0,0,0,0,0,0,0
04/04/2019 22.12.00,345,50,25,5,0,0,0,0,0,0,0,0,0,0,0
04/04/2019 22.13.00,285,60,10,0,0,0,0,0,0,0,0,0,0,0,0
04/04/2019 22.14.00,305,40,10,0,0,0,0,0,0,0,0,0,0,0,0
04/04/2019 22.15.00,335,40,20,0,0,0,0,0,0,0,0,0,0,0,0
04/04/2019 22.16.00,350,50,15,0,0,0,0,0,0,0,0,0,0,0,0
04/04/2019 22.17.00,345,95,35,5,0,0,0,0,0,0,0,0,0,0,0
04/04/2019 22.18.00,300,30,0,0,0,0,0,0,0,0,0,0,0,0,0
04/04/2019 22.19.00,245,50,10,0,0,0,0,0,0,0,0,0,0,0,0
04/04/2019 22.20.00,330,30,15,5,5,5,5,3,0,0,0,0,0,0,0
04/04/2019 22.21.00,325,55,0,0,0,0,0,0,0,0,0,0,0,0,0
04/04/2019 22.22.00,255,50,15,0,0,0,0,0,0,0,0,0,0,0,0
04/04/2019 22.23.00,310,45,20,10,5,5,0,0,0,0,0,0,0,0,0
04/04/2019 22.24.00,315,45,30,15,10,10,0,0,0,0,0,0,0,0,0
04/04/2019 22.25.00,260,35,15,0,0,0,0,0,0,0,0,0,0,0,0
04/04/2019 22.26.00,220,35,5,5,5,5,0,0,0,0,0,0,0,0,0
04/04/2019 22.27.00,205,25,5,5,0,0,0,0,0,0,0,0,0,0,0
04/04/2019 22.28.00,270,60,15,10,10,10,10,5,0,0,0,0,0,0,0
04/04/2019 22.29.00,265,45,10,5,0,0,0,0,0,0,0,0,0,0,0
04/04/2019 22.30.00,335,40,20,10,5,5,0,0,0,0,0,0,0,0,0
04/04/2019 22.31.00,200,35,5,0,0,0,0,0,0,0,0,0,0,0,0
04/04/2019 22.32.00,230,20,5,0,0,0,0,0,0,0,0,0,0,0,0
04/04/2019 22.33.00,240,55,15,5,0,0,0,0,0,0,0,0,0,0,0
04/04/2019 22.34.00,190,30,10,5,5,0,0,0,0,0,0,0,0,0,0
04/04/2019 22.35.00,270,40,10,0,0,0,0,0,0,0,0,0,0,0,0
04/04/2019 22.36.00,290,55,25,5,0,0,0,0,0,0,0,0,0,0,0
04/04/2019 22.37.00,260,65,15,0,0,0,0,0,0,0,0,0,0,0,0
04/04/2019 22.38.00,260,65,10,5,5,5,0,0,0,0,0,0,0,0,0
04/04/2019 22.39.00,240,35,5,0,0,0,0,0,0,0,0,0,0,0,0
04/04/2019 22.40.00,235,35,10,0,0,0,0,0,0,0,0,0,0,0,0
04/04/2019 22.41.00,265,40,0,0,0,0,0,0,0,0,0,0,0,0,0
04/04/2019 22.42.00,290,40,20,5,0,0,0,0,0,0,0,0,0,0,0
04/04/2019 22.43.00,260,60,5,0,0,0,0,0,0,0,0,0,0,0,0
04/04/2019 22.44.00,250,45,10,0,0,0,0,0,0,0,0,0,0,0,0
04/04/2019 22.45.00,225,55,15,5,0,0,0,0,0,0,0,0,0,0,0
04/04/2019 22.46.00,245,50,15,10,5,5,5,3,0,0,0,0,0,0,0
04/04/2019 22.47.00,220,45,20,10,5,5,5,3,0,0,0,0,0,0,0
04/04/2019 22.48.00,200,40,20,0,0,0,0,0,0,0,0,0,0,0,0
04/04/2019 22.49.00,245,40,10,0,0,0,0,0,0,0,0,0,0,0,0
04/04/2019 22.50.00,170,20,0,0,0,0,0,0,0,0,0,0,0,0,0
04/04/2019 22.51.00,190,30,15,0,0,0,0,0,0,0,0,0,0,0,0
04/04/2019 22.52.00,235,50,10,0,0,0,0,0,0,0,0,0,0,0,0
04/04/2019 22.53.00,235,35,15,5,0,0,0,0,0,0,0,0,0,0,0
04/04/2019 22.54.00,250,50,25,5,0,0,0,0,0,0,0,0,0,0,0
04/04/2019 22.55.00,185,45,20,0,0,0,0,0,0,0,0,0,0,0,0
04/04/2019 22.56.00,210,45,25,0,0,0,0,0,0,0,0,0,0,0,0
04/04/2019 22.57.00,210,55,15,0,0,0,0,0,0,0,0,0,0,0,0
04/04/2019 22.58.00,190,55,15,0,0,0,0,0,0,0,0,0,0,0,0
04/04/2019 22.59.00,270,35,5,0,0,0,0,0,0,0,0,0,0,0,0
04/04/2019 23.00.00,215,40,10,5,0,0,0,0,0,0,0,0,0,0,0
04/04/2019 23.01.00,205,25,0,0,0,0,0,0,0,0,0,0,0,0,0
04/04/2019 23.02.00,205,35,5,0,0,0,0,0,0,0,0,0,0,0,0
04/04/2019 23.03.00,195,35,10,0,0,0,0,0,0,0,0,0,0,0,0
04/04/2019 23.04.00,195,20,0,0,0,0,0,0,0,0,0,0,0,0,0
04/04/2019 23.05.00,200,15,0,0,0,0,0,0,0,0,0,0,0,0,0
04/04/2019 23.06.00,220,35,15,5,0,0,0,0,0,0,0,0,0,0,0
04/04/2019 23.07.00,195,35,0,0,0,0,0,0,0,0,0,0,0,0,0
04/04/2019 23.08.00,130,25,15,10,10,5,0,0,0,0,0,0,0,0,0
04/04/2019 23.09.00,185,40,5,0,0,0,0,0,0,0,0,0,0,0,0
04/04/2019 23.10.00,170,20,5,0,0,0,0,0,0,0,0,0,0,0,0
04/04/2019 23.11.00,235,45,5,5,5,5,5,3,0,0,0,0,0,0,0
04/04/2019 23.12.00,205,40,5,0,0,0,0,0,0,0,0,0,0,0,0
04/04/2019 23.13.00,170,45,20,0,0,0,0,0,0,0,0,0,0,0,0
04/04/2019 23.14.00,170,30,5,0,0,0,0,0,0,0,0,0,0,0,0
04/04/2019 23.15.00,170,25,5,0,0,0,0,0,0,0,0,0,0,0,0
04/04/2019 23.16.00,150,35,5,0,0,0,0,0,0,0,0,0,0,0,0
04/04/2019 23.17.00,155,35,15,5,0,0,0,0,0,0,0,0,0,0,0
04/04/2019 23.18.00,165,25,10,5,5,5,5,3,0,0,0,0,0,0,0
04/04/2019 23.19.00,220,35,15,5,0,0,0,0,0,0,0,0,0,0,0
04/04/2019 23.20.00,150,65,5,0,0,0,0,0,0,0,0,0,0,0,0
04/04/2019 23.21.00,235,45,15,5,0,0,0,0,0,0,0,0,0,0,0
04/04/2019 23.22.00,145,25,15,0,0,0,0,0,0,0,0,0,0,0,0
04/04/2019 23.23.00,180,40,5,0,0,0,0,0,0,0,0,0,0,0,0
04/04/2019 23.24.00,170,40,25,5,0,0,0,0,0,0,0,0,0,0,0
04/04/2019 23.25.00,175,30,10,5,5,5,0,0,0,0,0,0,0,0,0
04/04/2019 23.26.00,160,50,10,5,5,5,0,0,0,0,0,0,0,0,0
04/04/2019 23.27.00,185,35,5,0,0,0,0,0,0,0,0,0,0,0,0
04/04/2019 23.28.00,140,35,5,0,0,0,0,0,0,0,0,0,0,0,0
04/04/2019 23.29.00,130,25,15,0,0,0,0,0,0,0,0,0,0,0,0
04/04/2019 23.30.00,150,20,5,0,0,0,0,0,0,0,0,0,0,0,0
04/04/2019 23.31.00,210,65,25,15,0,0,0,0,0,0,0,0,0,0,0
04/04/2019 23.32.00,180,20,0,0,0,0,0,0,0,0,0,0,0,0,0
04/04/2019 23.33.00,145,40,15,5,0,0,0,0,0,0,0,0,0,0,0
04/04/2019 23.34.00,145,25,0,0,0,0,0,0,0,0,0,0,0,0,0
04/04/2019 23.35.00,120,30,10,0,0,0,0,0,0,0,0,0,0,0,0
04/04/2019 23.36.00,120,20,0,0,0,0,0,0,0,0,0,0,0,0,0
04/04/2019 23.37.00,160,35,5,0,0,0,0,0,0,0,0,0,0,0,0
04/04/2019 23.38.00,185,55,0,0,0,0,0,0,0,0,0,0,0,0,0
04/04/2019 23.39.00,130,20,10,0,0,0,0,0,0,0,0,0,0,0,0
04/04/2019 23.40.00,215,40,5,5,0,0,0,0,0,0,0,0,0,0,0
04/04/2019 23.41.00,190,35,15,0,0,0,0,0,0,0,0,0,0,0,0
04/04/2019 23.42.00,165,40,5,0,0,0,0,0,0,0,0,0,0,0,0
04/04/2019 23.43.00,195,55,20,0,0,0,0,0,0,0,0,0,0,0,0
04/04/2019 23.44.00,135,20,0,0,0,0,0,0,0,0,0,0,0,0,0
04/04/2019 23.45.00,140,20,5,0,0,0,0,0,0,0,0,0,0,0,0
04/04/2019 23.46.00,205,70,30,5,5,0,0,0,0,0,0,0,0,0,0
04/04/2019 23.47.00,130,10,5,5,0,0,0,0,0,0,0,0,0,0,0
04/04/2019 23.48.00,125,30,10,0,0,0,0,0,0,0,0,0,0,0,0
04/04/2019 23.49.00,145,40,5,0,0,0,0,0,0,0,0,0,0,0,0
04/04/2019 23.50.00,115,60,15,0,0,0,0,0,0,0,0,0,0,0,0
04/04/2019 23.51.00,155,30,10,5,5,0,0,0,0,0,0,0,0,0,0
04/04/2019 23.52.00,160,20,0,0,0,0,0,0,0,0,0,0,0,0,0
04/04/2019 23.53.00,125,35,0,0,0,0,0,0,0,0,0,0,0,0,0
04/04/2019 23.54.00,75,15,5,0,0,0,0,0,0,0,0,0,0,0,0
04/04/2019 23.55.00,145,45,15,5,0,0,0,0,0,0,0,0,0,0,0
04/04/2019 23.56.00,130,45,15,5,0,0,0,0,0,0,0,0,0,0,0
04/04/2019 23.57.00,145,40,10,0,0,0,0,0,0,0,0,0,0,0,0
04/04/2019 23.58.00,140,50,15,0,0,0,0,0,0,0,0,0,0,0,0
04/04/2019 23.59.00,135,20,10,5,0,0,0,0,0,0,0,0,0,0,0
4/5/2019 0:00,170,35,0,0,0,0,0,0,0,0,0,0,0,0,0
05/04/2019 0.01.00,130,30,10,0,0,0,0,0,0,0,0,0,0,0,0
05/04/2019 0.02.00,100,50,10,5,0,0,0,0,0,0,0,0,0,0,0
05/04/2019 0.03.00,135,25,15,0,0,0,0,0,0,0,0,0,0,0,0
05/04/2019 0.04.00,125,25,5,5,5,0,0,0,0,0,0,0,0,0,0
05/04/2019 0.05.00,90,25,10,0,0,0,0,0,0,0,0,0,0,0,0
05/04/2019 0.06.00,155,20,10,0,0,0,0,0,0,0,0,0,0,0,0
05/04/2019 0.07.00,155,30,10,5,5,0,0,0,0,0,0,0,0,0,0
05/04/2019 0.08.00,165,25,10,0,0,0,0,0,0,0,0,0,0,0,0
05/04/2019 0.09.00,85,10,0,0,0,0,0,0,0,0,0,0,0,0,0
05/04/2019 0.10.00,145,30,5,0,0,0,0,0,0,0,0,0,0,0,0
05/04/2019 0.11.00,95,15,0,0,0,0,0,0,0,0,0,0,0,0,0
05/04/2019 0.12.00,130,20,10,0,0,0,0,0,0,0,0,0,0,0,0
05/04/2019 0.13.00,150,25,5,0,0,0,0,0,0,0,0,0,0,0,0
05/04/2019 0.14.00,155,15,5,0,0,0,0,0,0,0,0,0,0,0,0
05/04/2019 0.15.00,230,60,5,0,0,0,0,0,0,0,0,0,0,0,0
05/04/2019 0.16.00,140,25,5,0,0,0,0,0,0,0,0,0,0,0,0
05/04/2019 0.17.00,110,25,10,0,0,0,0,0,0,0,0,0,0,0,0
05/04/2019 0.18.00,130,40,0,0,0,0,0,0,0,0,0,0,0,0,0
05/04/2019 0.19.00,145,40,15,5,0,0,0,0,0,0,0,0,0,0,0
05/04/2019 0.20.00,120,10,5,5,5,5,5,0,0,0,0,0,0,0,0
05/04/2019 0.21.00,170,30,0,0,0,0,0,0,0,0,0,0,0,0,0
05/04/2019 0.22.00,180,50,15,0,0,0,0,0,0,0,0,0,0,0,0
05/04/2019 0.23.00,180,10,5,5,0,0,0,0,0,0,0,0,0,0,0
05/04/2019 0.24.00,200,45,20,10,5,0,0,0,0,0,0,0,0,0,0
05/04/2019 0.25.00,155,25,5,0,0,0,0,0,0,0,0,0,0,0,0
05/04/2019 0.26.00,120,40,10,0,0,0,0,0,0,0,0,0,0,0,0
05/04/2019 0.27.00,150,45,20,0,0,0,0,0,0,0,0,0,0,0,0
05/04/2019 0.28.00,160,30,10,5,5,5,5,3,0,0,0,0,0,0,0
05/04/2019 0.29.00,150,40,0,0,0,0,0,0,0,0,0,0,0,0,0
05/04/2019 0.30.00,170,30,15,0,0,0,0,0,0,0,0,0,0,0,0
05/04/2019 0.31.00,185,50,10,5,5,0,0,0,0,0,0,0,0,0,0
05/04/2019 0.32.00,195,60,20,5,0,0,0,0,0,0,0,0,0,0,0
05/04/2019 0.33.00,145,25,15,0,0,0,0,0,0,0,0,0,0,0,0
05/04/2019 0.34.00,170,40,10,0,0,0,0,0,0,0,0,0,0,0,0
05/04/2019 0.35.00,155,20,0,0,0,0,0,0,0,0,0,0,0,0,0
05/04/2019 0.36.00,190,65,10,0,0,0,0,0,0,0,0,0,0,0,0
05/04/2019 0.37.00,190,35,15,5,5,5,0,0,0,0,0,0,0,0,0
05/04/2019 0.38.00,225,75,15,0,0,0,0,0,0,0,0,0,0,0,0
05/04/2019 0.39.00,145,45,15,0,0,0,0,0,0,0,0,0,0,0,0
05/04/2019 0.40.00,150,45,15,5,5,5,0,0,0,0,0,0,0,0,0
05/04/2019 0.41.00,130,25,5,0,0,0,0,0,0,0,0,0,0,0,0
05/04/2019 0.42.00,180,40,5,0,0,0,0,0,0,0,0,0,0,0,0
05/04/2019 0.43.00,145,25,10,0,0,0,0,0,0,0,0,0,0,0,0
05/04/2019 0.44.00,140,15,5,0,0,0,0,0,0,0,0,0,0,0,0
05/04/2019 0.45.00,155,30,10,5,5,5,5,0,0,0,0,0,0,0,0
05/04/2019 0.46.00,190,70,5,5,0,0,0,0,0,0,0,0,0,0,0
05/04/2019 0.47.00,220,70,50,15,10,5,5,3,0,0,0,0,0,0,0
05/04/2019 0.48.00,130,25,10,0,0,0,0,0,0,0,0,0,0,0,0
05/04/2019 0.49.00,155,50,25,0,0,0,0,0,0,0,0,0,0,0,0
05/04/2019 0.50.00,140,40,10,0,0,0,0,0,0,0,0,0,0,0,0
05/04/2019 0.51.00,105,35,10,0,0,0,0,0,0,0,0,0,0,0,0
05/04/2019 0.52.00,165,40,10,0,0,0,0,0,0,0,0,0,0,0,0
05/04/2019 0.53.00,135,35,20,10,10,5,0,0,0,0,0,0,0,0,0
05/04/2019 0.54.00,185,55,10,0,0,0,0,0,0,0,0,0,0,0,0
05/04/2019 0.55.00,195,45,25,5,5,5,0,0,0,0,0,0,0,0,0
05/04/2019 0.56.00,190,65,5,5,0,0,0,0,0,0,0,0,0,0,0
05/04/2019 0.57.00,200,30,5,0,0,0,0,0,0,0,0,0,0,0,0
05/04/2019 0.58.00,195,15,15,5,0,0,0,0,0,0,0,0,0,0,0
05/04/2019 0.59.00,170,10,5,0,0,0,0,0,0,0,0,0,0,0,0
05/04/2019 1.00.00,170,35,5,0,0,0,0,0,0,0,0,0,0,0,0
05/04/2019 1.01.00,205,55,10,0,0,0,0,0,0,0,0,0,0,0,0
05/04/2019 1.02.00,195,55,10,5,5,5,5,3,0,0,0,0,0,0,0
05/04/2019 1.03.00,205,45,30,0,0,0,0,0,0,0,0,0,0,0,0
05/04/2019 1.04.00,200,50,5,0,0,0,0,0,0,0,0,0,0,0,0
05/04/2019 1.05.00,170,40,15,0,0,0,0,0,0,0,0,0,0,0,0
05/04/2019 1.06.00,210,55,15,0,0,0,0,0,0,0,0,0,0,0,0
05/04/2019 1.07.00,165,25,5,0,0,0,0,0,0,0,0,0,0,0,0
05/04/2019 1.08.00,200,65,5,0,0,0,0,0,0,0,0,0,0,0,0
05/04/2019 1.09.00,230,55,25,0,0,0,0,0,0,0,0,0,0,0,0
05/04/2019 1.10.00,150,25,5,0,0,0,0,0,0,0,0,0,0,0,0
05/04/2019 1.11.00,140,35,15,5,5,0,0,0,0,0,0,0,0,0,0
05/04/2019 1.12.00,190,45,10,0,0,0,0,0,0,0,0,0,0,0,0
05/04/2019 1.13.00,165,45,15,0,0,0,0,0,0,0,0,0,0,0,0
05/04/2019 1.14.00,190,50,20,5,0,0,0,0,0,0,0,0,0,0,0
05/04/2019 1.15.00,210,65,5,0,0,0,0,0,0,0,0,0,0,0,0
05/04/2019 1.16.00,215,35,5,0,0,0,0,0,0,0,0,0,0,0,0
05/04/2019 1.17.00,135,40,10,0,0,0,0,0,0,0,0,0,0,0,0
05/04/2019 1.18.00,150,30,5,0,0,0,0,0,0,0,0,0,0,0,0
05/04/2019 1.19.00,255,70,15,0,0,0,0,0,0,0,0,0,0,0,0
05/04/2019 1.20.00,125,25,10,0,0,0,0,0,0,0,0,0,0,0,0
05/04/2019 1.21.00,190,45,5,0,0,0,0,0,0,0,0,0,0,0,0
05/04/2019 1.22.00,175,55,10,5,5,5,0,0,0,0,0,0,0,0,0
05/04/2019 1.23.00,135,40,10,5,5,5,5,3,0,0,0,0,0,0,0
05/04/2019 1.24.00,150,25,5,0,0,0,0,0,0,0,0,0,0,0,0
05/04/2019 1.25.00,135,25,5,0,0,0,0,0,0,0,0,0,0,0,0
05/04/2019 1.26.00,135,35,0,0,0,0,0,0,0,0,0,0,0,0,0
05/04/2019 1.27.00,205,70,30,5,0,0,0,0,0,0,0,0,0,0,0
05/04/2019 1.28.00,150,30,10,0,0,0,0,0,0,0,0,0,0,0,0
05/04/2019 1.29.00,120,15,5,0,0,0,0,0,0,0,0,0,0,0,0
05/04/2019 1.30.00,130,20,10,0,0,0,0,0,0,0,0,0,0,0,0
05/04/2019 1.31.00,130,50,10,0,0,0,0,0,0,0,0,0,0,0,0
05/04/2019 1.32.00,170,35,5,0,0,0,0,0,0,0,0,0,0,0,0
05/04/2019 1.33.00,155,45,15,0,0,0,0,0,0,0,0,0,0,0,0
05/04/2019 1.34.00,95,40,5,0,0,0,0,0,0,0,0,0,0,0,0
05/04/2019 1.35.00,165,45,15,5,0,0,0,0,0,0,0,0,0,0,0
05/04/2019 1.36.00,150,45,10,5,5,5,5,3,0,0,0,0,0,0,0
05/04/2019 1.37.00,130,25,5,0,0,0,0,0,0,0,0,0,0,0,0
05/04/2019 1.38.00,135,35,5,0,0,0,0,0,0,0,0,0,0,0,0
05/04/2019 1.39.00,185,65,40,5,0,0,0,0,0,0,0,0,0,0,0
05/04/2019 1.40.00,140,20,10,0,0,0,0,0,0,0,0,0,0,0,0
05/04/2019 1.41.00,160,50,15,5,0,0,0,0,0,0,0,0,0,0,0
05/04/2019 1.42.00,155,45,0,0,0,0,0,0,0,0,0,0,0,0,0
05/04/2019 1.43.00,230,45,30,20,5,5,5,3,0,0,0,0,0,0,0
05/04/2019 1.44.00,214,54,24,5,5,5,5,3,0,0,0,0,0,0,0
05/04/2019 1.45.00,155,45,10,0,0,0,0,0,0,0,0,0,0,0,0
05/04/2019 1.46.00,155,20,10,0,0,0,0,0,0,0,0,0,0,0,0
05/04/2019 1.47.00,175,60,30,5,0,0,0,0,0,0,0,0,0,0,0
05/04/2019 1.48.00,165,35,10,5,0,0,0,0,0,0,0,0,0,0,0
05/04/2019 1.49.00,160,55,15,0,0,0,0,0,0,0,0,0,0,0,0
05/04/2019 1.50.00,170,45,15,0,0,0,0,0,0,0,0,0,0,0,0
05/04/2019 1.51.00,145,20,5,0,0,0,0,0,0,0,0,0,0,0,0
05/04/2019 1.52.00,190,50,5,0,0,0,0,0,0,0,0,0,0,0,0
05/04/2019 1.53.00,135,45,20,5,5,5,5,3,0,0,0,0,0,0,0
05/04/2019 1.54.00,160,75,15,5,5,0,0,0,0,0,0,0,0,0,0
05/04/2019 1.55.00,160,50,5,0,0,0,0,0,0,0,0,0,0,0,0
05/04/2019 1.56.00,170,25,10,5,0,0,0,0,0,0,0,0,0,0,0
05/04/2019 1.57.00,155,40,5,0,0,0,0,0,0,0,0,0,0,0,0
05/04/2019 1.58.00,125,55,25,10,0,0,0,0,0,0,0,0,0,0,0
05/04/2019 1.59.00,190,60,25,0,0,0,0,0,0,0,0,0,0,0,0
05/04/2019 2.00.00,160,25,10,0,0,0,0,0,0,0,0,0,0,0,0
05/04/2019 2.01.00,160,50,15,10,0,0,0,0,0,0,0,0,0,0,0
05/04/2019 2.02.00,165,35,20,10,0,0,0,0,0,0,0,0,0,0,0
05/04/2019 2.03.00,160,65,5,0,0,0,0,0,0,0,0,0,0,0,0
05/04/2019 2.04.00,195,75,25,0,0,0,0,0,0,0,0,0,0,0,0
05/04/2019 2.05.00,170,55,20,0,0,0,0,0,0,0,0,0,0,0,0
05/04/2019 2.06.00,105,10,5,0,0,0,0,0,0,0,0,0,0,0,0
05/04/2019 2.07.00,110,45,15,0,0,0,0,0,0,0,0,0,0,0,0
05/04/2019 2.08.00,105,25,0,0,0,0,0,0,0,0,0,0,0,0,0
05/04/2019 2.09.00,160,55,20,5,0,0,0,0,0,0,0,0,0,0,0
05/04/2019 2.10.00,175,60,10,0,0,0,0,0,0,0,0,0,0,0,0
05/04/2019 2.11.00,110,25,5,0,0,0,0,0,0,0,0,0,0,0,0
05/04/2019 2.12.00,150,35,10,0,0,0,0,0,0,0,0,0,0,0,0
05/04/2019 2.13.00,105,25,0,0,0,0,0,0,0,0,0,0,0,0,0
05/04/2019 2.14.00,100,25,5,0,0,0,0,0,0,0,0,0,0,0,0
05/04/2019 2.15.00,120,45,5,5,0,0,0,0,0,0,0,0,0,0,0
05/04/2019 2.16.00,155,45,15,0,0,0,0,0,0,0,0,0,0,0,0
05/04/2019 2.17.00,140,35,15,0,0,0,0,0,0,0,0,0,0,0,0
05/04/2019 2.18.00,205,40,10,5,5,5,0,0,0,0,0,0,0,0,0
05/04/2019 2.19.00,180,50,15,5,5,5,5,3,0,0,0,0,0,0,0
05/04/2019 2.20.00,115,35,25,5,0,0,0,0,0,0,0,0,0,0,0
05/04/2019 2.21.00,155,35,10,5,5,5,0,0,0,0,0,0,0,0,0
05/04/2019 2.22.00,130,35,10,0,0,0,0,0,0,0,0,0,0,0,0
05/04/2019 2.23.00,140,55,0,0,0,0,0,0,0,0,0,0,0,0,0
05/04/2019 2.24.00,155,35,25,5,5,0,0,0,0,0,0,0,0,0,0
05/04/2019 2.25.00,130,30,5,5,0,0,0,0,0,0,0,0,0,0,0
05/04/2019 2.26.00,130,50,0,0,0,0,0,0,0,0,0,0,0,0,0
05/04/2019 2.27.00,120,15,5,0,0,0,0,0,0,0,0,0,0,0,0
05/04/2019 2.28.00,135,35,5,5,0,0,0,0,0,0,0,0,0,0,0
05/04/2019 2.29.00,145,40,5,0,0,0,0,0,0,0,0,0,0,0,0
05/04/2019 2.30.00,145,25,10,5,0,0,0,0,0,0,0,0,0,0,0
05/04/2019 2.31.00,105,30,10,0,0,0,0,0,0,0,0,0,0,0,0
05/04/2019 2.32.00,140,40,20,5,5,0,0,0,0,0,0,0,0,0,0
05/04/2019 2.33.00,130,25,0,0,0,0,0,0,0,0,0,0,0,0,0
05/04/2019 2.34.00,165,40,10,0,0,0,0,0,0,0,0,0,0,0,0
05/04/2019 2.35.00,120,40,10,0,0,0,0,0,0,0,0,0,0,0,0
05/04/2019 2.36.00,100,25,15,0,0,0,0,0,0,0,0,0,0,0,0
05/04/2019 2.37.00,115,35,0,0,0,0,0,0,0,0,0,0,0,0,0
05/04/2019 2.38.00,85,20,0,0,0,0,0,0,0,0,0,0,0,0,0
05/04/2019 2.39.00,120,30,10,5,0,0,0,0,0,0,0,0,0,0,0
05/04/2019 2.40.00,150,50,15,0,0,0,0,0,0,0,0,0,0,0,0
05/04/2019 2.41.00,115,40,15,5,0,0,0,0,0,0,0,0,0,0,0
05/04/2019 2.42.00,155,45,25,0,0,0,0,0,0,0,0,0,0,0,0
05/04/2019 2.43.00,140,30,30,15,5,0,0,0,0,0,0,0,0,0,0
05/04/2019 2.44.00,85,30,10,0,0,0,0,0,0,0,0,0,0,0,0
05/04/2019 2.45.00,175,45,5,0,0,0,0,0,0,0,0,0,0,0,0
05/04/2019 2.46.00,90,10,0,0,0,0,0,0,0,0,0,0,0,0,0
05/04/2019 2.47.00,145,40,10,0,0,0,0,0,0,0,0,0,0,0,0
05/04/2019 2.48.00,145,45,20,10,5,0,0,0,0,0,0,0,0,0,0
05/04/2019 2.49.00,135,35,5,5,0,0,0,0,0,0,0,0,0,0,0
05/04/2019 2.50.00,130,55,20,0,0,0,0,0,0,0,0,0,0,0,0
05/04/2019 2.51.00,130,45,20,10,0,0,0,0,0,0,0,0,0,0,0
05/04/2019 2.52.00,140,40,5,0,0,0,0,0,0,0,0,0,0,0,0
05/04/2019 2.53.00,135,50,20,5,5,5,0,0,0,0,0,0,0,0,0
05/04/2019 2.54.00,100,20,10,0,0,0,0,0,0,0,0,0,0,0,0
05/04/2019 2.55.00,100,30,25,5,5,5,5,3,0,0,0,0,0,0,0
05/04/2019 2.56.00,110,55,25,0,0,0,0,0,0,0,0,0,0,0,0
05/04/2019 2.57.00,120,35,10,5,0,0,0,0,0,0,0,0,0,0,0
05/04/2019 2.58.00,125,50,15,0,0,0,0,0,0,0,0,0,0,0,0
05/04/2019 2.59.00,145,60,15,5,5,0,0,0,0,0,0,0,0,0,0
05/04/2019 3.00.00,100,20,5,0,0,0,0,0,0,0,0,0,0,0,0
05/04/2019 3.01.00,95,35,15,0,0,0,0,0,0,0,0,0,0,0,0
05/04/2019 3.02.00,100,25,5,0,0,0,0,0,0,0,0,0,0,0,0
05/04/2019 3.03.00,175,60,30,5,5,5,0,0,0,0,0,0,0,0,0
05/04/2019 3.04.00,95,20,10,0,0,0,0,0,0,0,0,0,0,0,0
05/04/2019 3.05.00,110,40,5,5,5,0,0,0,0,0,0,0,0,0,0
05/04/2019 3.06.00,135,45,25,0,0,0,0,0,0,0,0,0,0,0,0
05/04/2019 3.07.00,145,45,15,5,0,0,0,0,0,0,0,0,0,0,0
05/04/2019 3.08.00,115,55,25,5,0,0,0,0,0,0,0,0,0,0,0
05/04/2019 3.09.00,135,25,15,5,0,0,0,0,0,0,0,0,0,0,0
05/04/2019 3.10.00,100,20,5,0,0,0,0,0,0,0,0,0,0,0,0
05/04/2019 3.11.00,155,35,20,10,5,5,0,0,0,0,0,0,0,0,0
05/04/2019 3.12.00,160,60,20,5,5,0,0,0,0,0,0,0,0,0,0
05/04/2019 3.13.00,130,20,5,0,0,0,0,0,0,0,0,0,0,0,0
05/04/2019 3.14.00,70,20,5,0,0,0,0,0,0,0,0,0,0,0,0
05/04/2019 3.15.00,105,40,15,5,0,0,0,0,0,0,0,0,0,0,0
05/04/2019 3.16.00,60,20,20,0,0,0,0,0,0,0,0,0,0,0,0
05/04/2019 3.17.00,120,30,10,10,0,0,0,0,0,0,0,0,0,0,0
05/04/2019 3.18.00,125,35,5,0,0,0,0,0,0,0,0,0,0,0,0
05/04/2019 3.19.00,85,25,0,0,0,0,0,0,0,0,0,0,0,0,0
05/04/2019 3.20.00,85,25,0,0,0,0,0,0,0,0,0,0,0,0,0
05/04/2019 3.21.00,105,25,15,5,0,0,0,0,0,0,0,0,0,0,0
05/04/2019 3.22.00,90,25,10,5,5,5,0,0,0,0,0,0,0,0,0
05/04/2019 3.23.00,115,50,15,0,0,0,0,0,0,0,0,0,0,0,0
05/04/2019 3.24.00,90,25,10,0,0,0,0,0,0,0,0,0,0,0,0
05/04/2019 3.25.00,95,35,15,5,0,0,0,0,0,0,0,0,0,0,0
05/04/2019 3.26.00,80,30,10,0,0,0,0,0,0,0,0,0,0,0,0
05/04/2019 3.27.00,100,25,10,0,0,0,0,0,0,0,0,0,0,0,0
05/04/2019 3.28.00,140,30,5,0,0,0,0,0,0,0,0,0,0,0,0
05/04/2019 3.29.00,105,15,5,0,0,0,0,0,0,0,0,0,0,0,0
05/04/2019 3.30.00,80,40,10,0,0,0,0,0,0,0,0,0,0,0,0
05/04/2019 3.31.00,140,15,5,5,0,0,0,0,0,0,0,0,0,0,0
05/04/2019 3.32.00,135,30,10,0,0,0,0,0,0,0,0,0,0,0,0
05/04/2019 3.33.00,115,50,20,10,5,0,0,0,0,0,0,0,0,0,0
05/04/2019 3.34.00,130,30,10,0,0,0,0,0,0,0,0,0,0,0,0
05/04/2019 3.35.00,95,40,10,0,0,0,0,0,0,0,0,0,0,0,0
05/04/2019 3.36.00,90,15,10,0,0,0,0,0,0,0,0,0,0,0,0
05/04/2019 3.37.00,100,35,10,0,0,0,0,0,0,0,0,0,0,0,0
05/04/2019 3.38.00,135,65,15,0,0,0,0,0,0,0,0,0,0,0,0
05/04/2019 3.39.00,160,30,15,0,0,0,0,0,0,0,0,0,0,0,0
05/04/2019 3.40.00,150,60,20,10,0,0,0,0,0,0,0,0,0,0,0
05/04/2019 3.41.00,85,40,15,10,0,0,0,0,0,0,0,0,0,0,0
05/04/2019 3.42.00,90,15,10,0,0,0,0,0,0,0,0,0,0,0,0
05/04/2019 3.43.00,105,40,10,10,5,5,0,0,0,0,0,0,0,0,0
05/04/2019 3.44.00,105,35,5,0,0,0,0,0,0,0,0,0,0,0,0
05/04/2019 3.45.00,140,35,10,0,0,0,0,0,0,0,0,0,0,0,0
05/04/2019 3.46.00,145,50,10,0,0,0,0,0,0,0,0,0,0,0,0
05/04/2019 3.47.00,85,40,15,0,0,0,0,0,0,0,0,0,0,0,0
05/04/2019 3.48.00,160,40,25,10,0,0,0,0,0,0,0,0,0,0,0
05/04/2019 3.49.00,125,20,15,0,0,0,0,0,0,0,0,0,0,0,0
05/04/2019 3.50.00,85,35,10,0,0,0,0,0,0,0,0,0,0,0,0
05/04/2019 3.51.00,110,25,5,0,0,0,0,0,0,0,0,0,0,0,0
05/04/2019 3.52.00,95,25,10,0,0,0,0,0,0,0,0,0,0,0,0
05/04/2019 3.53.00,95,20,5,0,0,0,0,0,0,0,0,0,0,0,0
05/04/2019 3.54.00,100,40,20,5,0,0,0,0,0,0,0,0,0,0,0
05/04/2019 3.55.00,95,20,5,0,0,0,0,0,0,0,0,0,0,0,0
05/04/2019 3.56.00,50,15,5,0,0,0,0,0,0,0,0,0,0,0,0
05/04/2019 3.57.00,85,20,5,0,0,0,0,0,0,0,0,0,0,0,0
05/04/2019 3.58.00,90,30,0,0,0,0,0,0,0,0,0,0,0,0,0
05/04/2019 3.59.00,70,15,5,5,0,0,0,0,0,0,0,0,0,0,0
05/04/2019 4.00.00,100,30,10,0,0,0,0,0,0,0,0,0,0,0,0
05/04/2019 4.01.00,105,10,0,0,0,0,0,0,0,0,0,0,0,0,0
05/04/2019 4.02.00,95,35,15,5,5,5,0,0,0,0,0,0,0,0,0
05/04/2019 4.03.00,70,20,10,5,0,0,0,0,0,0,0,0,0,0,0
05/04/2019 4.04.00,90,25,15,0,0,0,0,0,0,0,0,0,0,0,0
05/04/2019 4.05.00,85,25,5,0,0,0,0,0,0,0,0,0,0,0,0
05/04/2019 4.06.00,115,25,10,5,5,5,5,3,0,0,0,0,0,0,0
05/04/2019 4.07.00,85,15,10,0,0,0,0,0,0,0,0,0,0,0,0
05/04/2019 4.08.00,80,35,5,0,0,0,0,0,0,0,0,0,0,0,0
05/04/2019 4.09.00,75,10,5,5,5,5,5,3,0,0,0,0,0,0,0
05/04/2019 4.10.00,90,25,5,0,0,0,0,0,0,0,0,0,0,0,0
05/04/2019 4.11.00,90,15,5,0,0,0,0,0,0,0,0,0,0,0,0
05/04/2019 4.12.00,90,30,10,0,0,0,0,0,0,0,0,0,0,0,0
05/04/2019 4.13.00,80,40,15,0,0,0,0,0,0,0,0,0,0,0,0
05/04/2019 4.14.00,110,45,5,5,0,0,0,0,0,0,0,0,0,0,0
05/04/2019 4.15.00,135,25,5,0,0,0,0,0,0,0,0,0,0,0,0
05/04/2019 4.16.00,75,5,0,0,0,0,0,0,0,0,0,0,0,0,0
05/04/2019 4.17.00,100,40,15,5,5,5,0,0,0,0,0,0,0,0,0
05/04/2019 4.18.00,110,45,20,5,0,0,0,0,0,0,0,0,0,0,0
05/04/2019 4.19.00,75,20,15,0,0,0,0,0,0,0,0,0,0,0,0
05/04/2019 4.20.00,85,30,10,0,0,0,0,0,0,0,0,0,0,0,0
05/04/2019 4.21.00,100,20,5,5,0,0,0,0,0,0,0,0,0,0,0
05/04/2019 4.22.00,110,35,10,5,0,0,0,0,0,0,0,0,0,0,0
05/04/2019 4.23.00,85,5,5,0,0,0,0,0,0,0,0,0,0,0,0
05/04/2019 4.24.00,100,45,20,10,10,10,10,5,0,0,0,0,0,0,0
05/04/2019 4.25.00,80,10,0,0,0,0,0,0,0,0,0,0,0,0,0
05/04/2019 4.26.00,80,30,10,5,5,5,0,0,0,0,0,0,0,0,0
05/04/2019 4.27.00,130,25,5,5,0,0,0,0,0,0,0,0,0,0,0
05/04/2019 4.28.00,65,20,20,0,0,0,0,0,0,0,0,0,0,0,0
05/04/2019 4.29.00,85,20,5,0,0,0,0,0,0,0,0,0,0,0,0
05/04/2019 4.30.00,120,20,10,0,0,0,0,0,0,0,0,0,0,0,0
05/04/2019 4.31.00,125,35,15,0,0,0,0,0,0,0,0,0,0,0,0
05/04/2019 4.32.00,135,40,15,0,0,0,0,0,0,0,0,0,0,0,0
05/04/2019 4.33.00,135,15,0,0,0,0,0,0,0,0,0,0,0,0,0
05/04/2019 4.34.00,90,30,5,0,0,0,0,0,0,0,0,0,0,0,0
05/04/2019 4.35.00,140,50,15,0,0,0,0,0,0,0,0,0,0,0,0
05/04/2019 4.36.00,85,20,10,0,0,0,0,0,0,0,0,0,0,0,0
05/04/2019 4.37.00,105,45,5,0,0,0,0,0,0,0,0,0,0,0,0
05/04/2019 4.38.00,65,10,5,5,0,0,0,0,0,0,0,0,0,0,0
05/04/2019 4.39.00,70,15,10,0,0,0,0,0,0,0,0,0,0,0,0
05/04/2019 4.40.00,110,20,10,5,5,5,5,3,0,0,0,0,0,0,0
05/04/2019 4.41.00,85,20,15,0,0,0,0,0,0,0,0,0,0,0,0
05/04/2019 4.42.00,100,30,10,5,0,0,0,0,0,0,0,0,0,0,0
05/04/2019 4.43.00,80,30,15,5,5,0,0,0,0,0,0,0,0,0,0
05/04/2019 4.44.00,105,30,0,0,0,0,0,0,0,0,0,0,0,0,0
05/04/2019 4.45.00,165,25,0,0,0,0,0,0,0,0,0,0,0,0,0
05/04/2019 4.46.00,110,55,10,0,0,0,0,0,0,0,0,0,0,0,0
05/04/2019 4.47.00,115,25,10,0,0,0,0,0,0,0,0,0,0,0,0
05/04/2019 4.48.00,45,5,5,0,0,0,0,0,0,0,0,0,0,0,0
05/04/2019 4.49.00,90,20,10,0,0,0,0,0,0,0,0,0,0,0,0
05/04/2019 4.50.00,80,30,5,0,0,0,0,0,0,0,0,0,0,0,0
05/04/2019 4.51.00,140,30,10,0,0,0,0,0,0,0,0,0,0,0,0
05/04/2019 4.52.00,90,25,15,0,0,0,0,0,0,0,0,0,0,0,0
05/04/2019 4.53.00,85,30,10,0,0,0,0,0,0,0,0,0,0,0,0
05/04/2019 4.54.00,95,25,5,0,0,0,0,0,0,0,0,0,0,0,0
05/04/2019 4.55.00,75,20,10,0,0,0,0,0,0,0,0,0,0,0,0
05/04/2019 4.56.00,100,20,10,0,0,0,0,0,0,0,0,0,0,0,0
05/04/2019 4.57.00,65,10,0,0,0,0,0,0,0,0,0,0,0,0,0
05/04/2019 4.58.00,100,30,10,0,0,0,0,0,0,0,0,0,0,0,0
05/04/2019 4.59.00,100,30,15,5,5,0,0,0,0,0,0,0,0,0,0
05/04/2019 5.00.00,105,35,5,5,0,0,0,0,0,0,0,0,0,0,0
05/04/2019 5.01.00,105,25,0,0,0,0,0,0,0,0,0,0,0,0,0
05/04/2019 5.02.00,115,30,15,0,0,0,0,0,0,0,0,0,0,0,0
05/04/2019 5.03.00,75,25,0,0,0,0,0,0,0,0,0,0,0,0,0
05/04/2019 5.04.00,95,30,10,5,5,5,5,3,0,0,0,0,0,0,0
05/04/2019 5.05.00,95,25,0,0,0,0,0,0,0,0,0,0,0,0,0
05/04/2019 5.06.00,80,40,15,5,0,0,0,0,0,0,0,0,0,0,0
05/04/2019 5.07.00,120,45,20,10,5,5,5,0,0,0,0,0,0,0,0
05/04/2019 5.08.00,110,45,15,5,5,5,5,3,0,0,0,0,0,0,0
05/04/2019 5.09.00,80,35,10,0,0,0,0,0,0,0,0,0,0,0,0
05/04/2019 5.10.00,75,20,10,0,0,0,0,0,0,0,0,0,0,0,0
05/04/2019 5.11.00,70,15,0,0,0,0,0,0,0,0,0,0,0,0,0
05/04/2019 5.12.00,70,15,5,0,0,0,0,0,0,0,0,0,0,0,0
05/04/2019 5.13.00,120,35,10,0,0,0,0,0,0,0,0,0,0,0,0
05/04/2019 5.14.00,105,30,5,0,0,0,0,0,0,0,0,0,0,0,0
05/04/2019 5.15.00,140,35,15,0,0,0,0,0,0,0,0,0,0,0,0
05/04/2019 5.16.00,120,40,5,0,0,0,0,0,0,0,0,0,0,0,0
05/04/2019 5.17.00,85,30,5,0,0,0,0,0,0,0,0,0,0,0,0
05/04/2019 5.18.00,105,20,10,0,0,0,0,0,0,0,0,0,0,0,0
05/04/2019 5.19.00,135,25,10,10,5,5,0,0,0,0,0,0,0,0,0
05/04/2019 5.20.00,110,40,20,5,0,0,0,0,0,0,0,0,0,0,0
05/04/2019 5.21.00,90,5,0,0,0,0,0,0,0,0,0,0,0,0,0
05/04/2019 5.22.00,90,35,0,0,0,0,0,0,0,0,0,0,0,0,0
05/04/2019 5.23.00,150,50,20,0,0,0,0,0,0,0,0,0,0,0,0
05/04/2019 5.24.00,80,20,5,0,0,0,0,0,0,0,0,0,0,0,0
05/04/2019 5.25.00,115,35,10,0,0,0,0,0,0,0,0,0,0,0,0
05/04/2019 5.26.00,120,35,10,5,5,5,5,0,0,0,0,0,0,0,0
05/04/2019 5.27.00,130,50,20,0,0,0,0,0,0,0,0,0,0,0,0
05/04/2019 5.28.00,135,40,10,5,5,0,0,0,0,0,0,0,0,0,0
05/04/2019 5.29.00,75,10,0,0,0,0,0,0,0,0,0,0,0,0,0
05/04/2019 5.30.00,140,25,10,0,0,0,0,0,0,0,0,0,0,0,0
05/04/2019 5.31.00,145,35,10,0,0,0,0,0,0,0,0,0,0,0,0
05/04/2019 5.32.00,110,30,10,0,0,0,0,0,0,0,0,0,0,0,0
05/04/2019 5.33.00,100,30,10,0,0,0,0,0,0,0,0,0,0,0,0
05/04/2019 5.34.00,125,30,5,0,0,0,0,0,0,0,0,0,0,0,0
05/04/2019 5.35.00,150,40,10,5,0,0,0,0,0,0,0,0,0,0,0
05/04/2019 5.36.00,140,35,5,0,0,0,0,0,0,0,0,0,0,0,0
05/04/2019 5.37.00,135,30,15,5,5,5,0,0,0,0,0,0,0,0,0
05/04/2019 5.38.00,155,30,0,0,0,0,0,0,0,0,0,0,0,0,0
05/04/2019 5.39.00,115,15,0,0,0,0,0,0,0,0,0,0,0,0,0
05/04/2019 5.40.00,125,35,10,0,0,0,0,0,0,0,0,0,0,0,0
05/04/2019 5.41.00,125,35,10,0,0,0,0,0,0,0,0,0,0,0,0
05/04/2019 5.42.00,115,10,0,0,0,0,0,0,0,0,0,0,0,0,0
05/04/2019 5.43.00,95,10,5,0,0,0,0,0,0,0,0,0,0,0,0
05/04/2019 5.44.00,145,50,5,5,5,5,5,3,0,0,0,0,0,0,0
05/04/2019 5.45.00,160,25,15,0,0,0,0,0,0,0,0,0,0,0,0
05/04/2019 5.46.00,100,35,15,0,0,0,0,0,0,0,0,0,0,0,0
05/04/2019 5.47.00,120,50,10,0,0,0,0,0,0,0,0,0,0,0,0
05/04/2019 5.48.00,100,25,5,0,0,0,0,0,0,0,0,0,0,0,0
05/04/2019 5.49.00,110,20,5,5,0,0,0,0,0,0,0,0,0,0,0
05/04/2019 5.50.00,110,25,10,0,0,0,0,0,0,0,0,0,0,0,0
05/04/2019 5.51.00,145,40,25,10,10,10,0,0,0,0,0,0,0,0,0
05/04/2019 5.52.00,185,45,10,0,0,0,0,0,0,0,0,0,0,0,0
05/04/2019 5.53.00,120,35,20,10,5,5,0,0,0,0,0,0,0,0,0
05/04/2019 5.54.00,140,20,0,0,0,0,0,0,0,0,0,0,0,0,0
05/04/2019 5.55.00,130,50,5,0,0,0,0,0,0,0,0,0,0,0,0
05/04/2019 5.56.00,120,40,30,10,0,0,0,0,0,0,0,0,0,0,0
05/04/2019 5.57.00,130,30,10,0,0,0,0,0,0,0,0,0,0,0,0
05/04/2019 5.58.00,105,25,10,0,0,0,0,0,0,0,0,0,0,0,0
05/04/2019 5.59.00,140,35,5,0,0,0,0,0,0,0,0,0,0,0,0
05/04/2019 6.00.00,140,40,15,5,0,0,0,0,0,0,0,0,0,0,0
05/04/2019 6.01.00,150,40,15,10,0,0,0,0,0,0,0,0,0,0,0
05/04/2019 6.02.00,160,35,15,0,0,0,0,0,0,0,0,0,0,0,0
05/04/2019 6.03.00,115,35,10,0,0,0,0,0,0,0,0,0,0,0,0
05/04/2019 6.04.00,145,35,15,5,0,0,0,0,0,0,0,0,0,0,0
05/04/2019 6.05.00,140,35,15,0,0,0,0,0,0,0,0,0,0,0,0
05/04/2019 6.06.00,105,15,0,0,0,0,0,0,0,0,0,0,0,0,0
05/04/2019 6.07.00,140,35,0,0,0,0,0,0,0,0,0,0,0,0,0
05/04/2019 6.08.00,155,35,10,0,0,0,0,0,0,0,0,0,0,0,0
05/04/2019 6.09.00,150,50,20,5,5,5,0,0,0,0,0,0,0,0,0
05/04/2019 6.10.00,150,40,0,0,0,0,0,0,0,0,0,0,0,0,0
05/04/2019 6.11.00,155,30,15,5,0,0,0,0,0,0,0,0,0,0,0
05/04/2019 6.12.00,160,35,5,0,0,0,0,0,0,0,0,0,0,0,0
05/04/2019 6.13.00,140,40,10,0,0,0,0,0,0,0,0,0,0,0,0
05/04/2019 6.14.00,175,45,10,5,0,0,0,0,0,0,0,0,0,0,0
05/04/2019 6.15.00,175,35,20,10,0,0,0,0,0,0,0,0,0,0,0
05/04/2019 6.16.00,105,35,15,0,0,0,0,0,0,0,0,0,0,0,0
05/04/2019 6.17.00,120,30,10,0,0,0,0,0,0,0,0,0,0,0,0
05/04/2019 6.18.00,170,60,20,5,0,0,0,0,0,0,0,0,0,0,0
05/04/2019 6.19.00,160,40,25,5,0,0,0,0,0,0,0,0,0,0,0
05/04/2019 6.20.00,140,35,5,0,0,0,0,0,0,0,0,0,0,0,0
05/04/2019 6.21.00,140,25,10,0,0,0,0,0,0,0,0,0,0,0,0
05/04/2019 6.22.00,120,20,10,0,0,0,0,0,0,0,0,0,0,0,0
05/04/2019 6.23.00,140,35,10,0,0,0,0,0,0,0,0,0,0,0,0
05/04/2019 6.24.00,125,50,20,5,0,0,0,0,0,0,0,0,0,0,0
05/04/2019 6.25.00,140,40,0,0,0,0,0,0,0,0,0,0,0,0,0
05/04/2019 6.26.00,145,35,15,0,0,0,0,0,0,0,0,0,0,0,0
05/04/2019 6.27.00,135,30,5,0,0,0,0,0,0,0,0,0,0,0,0
05/04/2019 6.28.00,135,45,25,0,0,0,0,0,0,0,0,0,0,0,0
05/04/2019 6.29.00,140,25,10,0,0,0,0,0,0,0,0,0,0,0,0
05/04/2019 6.30.00,105,35,5,5,5,5,0,0,0,0,0,0,0,0,0
05/04/2019 6.31.00,170,65,20,5,5,5,0,0,0,0,0,0,0,0,0
05/04/2019 6.32.00,130,45,15,0,0,0,0,0,0,0,0,0,0,0,0
05/04/2019 6.33.00,135,25,20,5,0,0,0,0,0,0,0,0,0,0,0
05/04/2019 6.34.00,180,80,20,15,15,15,5,0,0,0,0,0,0,0,0
05/04/2019 6.35.00,175,50,15,0,0,0,0,0,0,0,0,0,0,0,0
05/04/2019 6.36.00,150,35,10,5,5,0,0,0,0,0,0,0,0,0,0
05/04/2019 6.37.00,135,20,0,0,0,0,0,0,0,0,0,0,0,0,0
05/04/2019 6.38.00,165,35,10,0,0,0,0,0,0,0,0,0,0,0,0
05/04/2019 6.39.00,150,35,10,5,0,0,0,0,0,0,0,0,0,0,0
05/04/2019 6.40.00,105,40,25,5,5,5,0,0,0,0,0,0,0,0,0
05/04/2019 6.41.00,145,50,20,10,0,0,0,0,0,0,0,0,0,0,0
05/04/2019 6.42.00,90,30,5,5,0,0,0,0,0,0,0,0,0,0,0
05/04/2019 6.43.00,115,10,10,5,5,5,5,0,0,0,0,0,0,0,0
05/04/2019 6.44.00,125,50,20,5,0,0,0,0,0,0,0,0,0,0,0
05/04/2019 6.45.00,135,30,10,0,0,0,0,0,0,0,0,0,0,0,0
05/04/2019 6.46.00,130,30,5,0,0,0,0,0,0,0,0,0,0,0,0
05/04/2019 6.47.00,125,50,5,5,5,0,0,0,0,0,0,0,0,0,0
05/04/2019 6.48.00,125,40,20,0,0,0,0,0,0,0,0,0,0,0,0
05/04/2019 6.49.00,145,35,25,10,5,0,0,0,0,0,0,0,0,0,0
05/04/2019 6.50.00,120,55,15,0,0,0,0,0,0,0,0,0,0,0,0
05/04/2019 6.51.00,145,50,5,0,0,0,0,0,0,0,0,0,0,0,0
05/04/2019 6.52.00,135,30,15,5,0,0,0,0,0,0,0,0,0,0,0
05/04/2019 6.53.00,100,15,0,0,0,0,0,0,0,0,0,0,0,0,0
05/04/2019 6.54.00,85,10,10,0,0,0,0,0,0,0,0,0,0,0,0
05/04/2019 6.55.00,145,50,20,0,0,0,0,0,0,0,0,0,0,0,0
05/04/2019 6.56.00,195,50,10,5,0,0,0,0,0,0,0,0,0,0,0
05/04/2019 6.57.00,115,35,10,0,0,0,0,0,0,0,0,0,0,0,0
05/04/2019 6.58.00,145,45,20,5,0,0,0,0,0,0,0,0,0,0,0
05/04/2019 6.59.00,100,15,5,5,0,0,0,0,0,0,0,0,0,0,0
05/04/2019 7.00.00,150,55,15,0,0,0,0,0,0,0,0,0,0,0,0
05/04/2019 7.01.00,190,35,5,5,5,5,0,0,0,0,0,0,0,0,0
05/04/2019 7.02.00,130,55,0,0,0,0,0,0,0,0,0,0,0,0,0
05/04/2019 7.03.00,120,25,10,0,0,0,0,0,0,0,0,0,0,0,0
05/04/2019 7.04.00,160,35,25,15,10,5,0,0,0,0,0,0,0,0,0
05/04/2019 7.05.00,80,30,0,0,0,0,0,0,0,0,0,0,0,0,0
05/04/2019 7.06.00,125,35,15,5,0,0,0,0,0,0,0,0,0,0,0
05/04/2019 7.07.00,95,35,5,0,0,0,0,0,0,0,0,0,0,0,0
05/04/2019 7.08.00,125,40,10,0,0,0,0,0,0,0,0,0,0,0,0
05/04/2019 7.09.00,120,30,5,0,0,0,0,0,0,0,0,0,0,0,0
05/04/2019 7.10.00,120,30,5,0,0,0,0,0,0,0,0,0,0,0,0
05/04/2019 7.11.00,105,45,10,5,5,5,0,0,0,0,0,0,0,0,0
05/04/2019 7.12.00,105,35,15,5,0,0,0,0,0,0,0,0,0,0,0
05/04/2019 7.13.00,85,25,5,0,0,0,0,0,0,0,0,0,0,0,0
05/04/2019 7.14.00,150,45,20,10,0,0,0,0,0,0,0,0,0,0,0
05/04/2019 7.15.00,155,30,5,5,5,0,0,0,0,0,0,0,0,0,0
05/04/2019 7.16.00,140,35,15,0,0,0,0,0,0,0,0,0,0,0,0
05/04/2019 7.17.00,150,15,0,0,0,0,0,0,0,0,0,0,0,0,0
05/04/2019 7.18.00,100,35,15,0,0,0,0,0,0,0,0,0,0,0,0
05/04/2019 7.19.00,545,260,140,65,50,40,30,10,3,2,2,0,0,0,0
05/04/2019 7.20.00,1200,685,495,330,240,205,120,103,81,51,32,17,10,2,1
05/04/2019 7.21.00,2051,1385,1020,625,445,365,225,172,109,67,37,17,7,2,0
05/04/2019 7.22.00,1891,1160,850,520,375,320,225,159,88,58,40,13,5,2,0
05/04/2019 7.23.00,1615,1075,725,420,300,210,140,112,69,43,26,8,3,0,0
05/04/2019 7.24.00,1480,990,710,450,345,295,210,133,70,48,19,7,4,2,0
05/04/2019 7.25.00,1390,1000,760,425,330,275,200,144,79,44,15,6,0,0,0
05/04/2019 7.26.00,1580,985,700,395,290,235,170,105,61,41,25,8,2,1,0
05/04/2019 7.27.00,1185,770,560,340,255,225,130,96,51,26,18,5,3,1,0
05/04/2019 7.28.00,1285,745,555,365,230,195,135,95,49,27,14,4,1,0,0
05/04/2019 7.29.00,1395,825,660,375,255,225,155,111,52,34,21,7,4,0,0
05/04/2019 7.30.00,1100,750,510,330,260,225,175,113,54,27,17,3,0,0,0
05/04/2019 7.31.00,1255,720,550,350,200,170,100,80,45,22,6,1,1,1,0
05/04/2019 7.32.00,1030,625,450,270,185,155,115,83,40,23,14,3,2,1,0
05/04/2019 7.33.00,1050,705,510,295,185,155,90,57,27,14,9,2,1,0,0
05/04/2019 7.34.00,970,565,405,235,175,140,75,48,28,16,6,2,2,0,0
05/04/2019 7.35.00,1000,640,500,315,235,200,115,82,37,19,11,1,1,1,0
05/04/2019 7.36.00,980,575,350,220,105,100,70,59,33,15,9,1,1,0,0
05/04/2019 7.37.00,1035,600,480,275,200,150,95,57,29,16,8,3,1,0,0
05/04/2019 7.38.00,1010,570,395,235,155,140,105,68,39,23,9,2,1,0,0
05/04/2019 7.39.00,915,570,420,215,135,120,60,36,23,13,6,4,2,0,0
05/04/2019 7.40.00,1095,685,440,225,160,125,85,49,16,13,5,3,1,0,0
05/04/2019 7.41.00,790,485,335,210,150,125,50,45,21,13,7,0,0,0,0
05/04/2019 7.42.00,915,535,340,215,145,110,75,46,23,11,5,2,1,0,0
05/04/2019 7.43.00,815,525,335,175,115,85,65,37,20,9,5,0,0,0,0
05/04/2019 7.44.00,755,415,290,190,125,110,80,48,16,6,2,1,0,0,0
05/04/2019 7.45.00,705,415,285,145,100,75,45,26,7,3,1,1,0,0,0
05/04/2019 7.46.00,805,435,320,185,105,95,50,28,8,4,3,0,0,0,0
05/04/2019 7.47.00,760,475,355,220,160,115,80,44,13,8,4,0,0,0,0
05/04/2019 7.48.00,630,335,230,150,100,75,60,41,9,4,1,0,0,0,0
05/04/2019 7.49.00,650,350,240,105,80,60,30,21,8,3,0,0,0,0,0
05/04/2019 7.50.00,465,275,215,145,105,95,65,39,7,2,0,0,0,0,0
05/04/2019 7.51.00,585,285,205,115,70,45,20,16,11,4,1,0,0,0,0
05/04/2019 7.52.00,610,325,210,110,80,60,30,19,1,1,0,0,0,0,0
05/04/2019 7.53.00,660,330,235,140,80,50,35,18,8,3,1,1,0,0,0
05/04/2019 7.54.00,535,275,190,115,75,65,35,21,6,3,1,0,0,0,0
05/04/2019 7.55.00,535,285,215,125,80,60,15,8,2,1,0,0,0,0,0
05/04/2019 7.56.00,570,325,260,110,55,35,25,16,4,2,0,0,0,0,0
05/04/2019 7.57.00,490,280,180,115,60,55,30,22,6,3,1,0,0,0,0
05/04/2019 7.58.00,545,310,240,125,85,80,45,20,3,1,0,0,0,0,0
05/04/2019 7.59.00,470,250,180,115,85,70,45,26,7,3,1,1,0,0,0
05/04/2019 8.00.00,520,250,185,95,65,60,25,12,3,1,0,0,0,0,0
05/04/2019 8.01.00,445,260,165,80,50,30,15,7,0,0,0,0,0,0,0
05/04/2019 8.02.00,305,170,105,35,35,35,15,8,3,1,0,0,0,0,0
05/04/2019 8.03.00,420,205,145,85,55,45,25,15,4,4,0,0,0,0,0
05/04/2019 8.04.00,390,210,115,75,30,30,20,11,4,0,0,0,0,0,0
05/04/2019 8.05.00,440,245,185,115,90,60,30,17,3,1,0,0,0,0,0
05/04/2019 8.06.00,465,245,190,120,65,55,30,15,2,1,1,0,0,0,0
05/04/2019 8.07.00,460,230,150,75,50,40,25,8,4,2,1,0,0,0,0
05/04/2019 8.08.00,290,145,65,25,10,10,0,0,0,0,0,0,0,0,0
05/04/2019 8.09.00,335,155,100,60,50,35,20,11,1,1,1,1,1,0,0
05/04/2019 8.10.00,310,165,115,55,25,15,10,6,1,1,0,0,0,0,0
05/04/2019 8.11.00,325,135,100,55,40,30,15,8,3,1,1,0,0,0,0
05/04/2019 8.12.00,310,170,85,55,50,45,40,11,2,0,0,0,0,0,0
05/04/2019 8.13.00,340,175,120,65,35,30,20,12,2,1,0,0,0,0,0
05/04/2019 8.14.00,350,170,105,75,50,40,25,5,0,0,0,0,0,0,0
05/04/2019 8.15.00,285,140,95,50,35,20,0,0,0,0,0,0,0,0,0
05/04/2019 8.16.00,300,130,75,35,20,0,0,0,0,0,0,0,0,0,0
05/04/2019 8.17.00,310,175,85,50,35,30,5,3,0,0,0,0,0,0,0
05/04/2019 8.18.00,300,120,85,45,25,20,10,3,0,0,0,0,0,0,0
05/04/2019 8.19.00,285,145,95,45,30,25,15,8,0,0,0,0,0,0,0
05/04/2019 8.20.00,285,140,60,20,5,0,0,0,0,0,0,0,0,0,0
05/04/2019 8.21.00,250,140,80,45,35,25,15,9,1,0,0,0,0,0,0
05/04/2019 8.22.00,323,148,103,80,45,40,25,6,0,0,0,0,0,0,0
05/04/2019 8.23.00,270,140,50,25,15,10,0,0,0,0,0,0,0,0,0
05/04/2019 8.24.00,220,130,65,25,10,10,5,3,0,0,0,0,0,0,0
05/04/2019 8.25.00,245,125,75,40,25,5,5,3,1,0,0,0,0,0,0
05/04/2019 8.26.00,285,120,65,35,25,20,15,8,1,1,0,0,0,0,0
05/04/2019 8.27.00,315,145,95,45,25,20,20,11,0,0,0,0,0,0,0
05/04/2019 8.28.00,199,94,59,39,14,9,4,4,0,0,0,0,0,0,0
05/04/2019 8.29.00,210,115,50,35,25,25,15,8,0,0,0,0,0,0,0
05/04/2019 8.30.00,180,40,20,15,15,10,10,4,2,0,0,0,0,0,0
05/04/2019 8.31.00,225,75,40,15,10,5,0,0,0,0,0,0,0,0,0
05/04/2019 8.32.00,210,85,50,25,15,15,15,8,1,1,0,0,0,0,0
05/04/2019 8.33.00,235,105,45,35,20,20,20,8,0,0,0,0,0,0,0
05/04/2019 8.34.00,190,85,45,25,15,15,10,6,1,1,0,0,0,0,0
05/04/2019 8.35.00,150,65,50,25,15,15,10,3,0,0,0,0,0,0,0
05/04/2019 8.36.00,200,80,25,5,0,0,0,0,0,0,0,0,0,0,0
05/04/2019 8.37.00,165,70,35,20,15,15,10,6,0,0,0,0,0,0,0
05/04/2019 8.38.00,220,115,65,35,20,15,5,3,0,0,0,0,0,0,0
05/04/2019 8.39.00,175,65,55,5,5,5,0,0,0,0,0,0,0,0,0
05/04/2019 8.40.00,275,170,120,85,60,60,40,17,6,6,4,3,2,1,0
05/04/2019 8.41.00,583,323,238,160,80,80,70,44,26,21,16,10,4,1,1
05/04/2019 8.42.00,630,345,235,110,75,65,40,20,8,6,6,4,1,1,0
05/04/2019 8.43.00,490,265,150,95,70,65,35,14,4,2,2,1,1,0,0
05/04/2019 8.44.00,680,345,215,135,75,70,45,29,15,11,9,4,1,1,0
05/04/2019 8.45.00,675,320,240,145,90,70,40,30,11,4,4,2,1,0,0
05/04/2019 8.46.00,785,405,270,175,130,95,75,47,22,13,7,6,4,1,1
05/04/2019 8.47.00,670,340,185,130,110,85,70,36,9,4,4,3,1,0,0
05/04/2019 8.48.00,750,415,285,165,105,85,60,39,16,9,7,6,5,2,1
05/04/2019 8.49.00,830,390,230,140,90,55,40,25,8,4,2,1,1,0,0
05/04/2019 8.50.00,755,380,295,150,120,110,90,49,9,6,4,1,0,0,0
05/04/2019 8.51.00,900,425,285,170,130,90,55,38,18,10,4,0,0,0,0
05/04/2019 8.52.00,795,360,265,140,85,50,35,25,12,5,4,4,3,2,0
05/04/2019 8.53.00,655,295,185,110,85,75,50,30,12,5,4,4,3,1,0
05/04/2019 8.54.00,895,420,280,155,100,85,40,22,14,13,10,6,4,0,0
05/04/2019 8.55.00,760,415,275,155,110,65,45,21,6,5,4,2,1,0,0
05/04/2019 8.56.00,700,325,215,120,100,90,55,31,14,9,7,5,4,0,0
05/04/2019 8.57.00,685,335,185,140,120,95,80,54,19,14,8,3,0,0,0
05/04/2019 8.58.00,695,365,240,155,95,80,60,39,20,12,7,3,2,1,1
05/04/2019 8.59.00,790,400,280,175,105,100,45,19,5,2,0,0,0,0,0
05/04/2019 9.00.00,745,375,225,120,75,65,25,14,1,1,1,1,1,0,0
05/04/2019 9.01.00,710,320,205,115,60,45,30,20,6,2,1,1,1,0,0
05/04/2019 9.02.00,680,295,195,120,60,55,30,19,4,1,0,0,0,0,0
05/04/2019 9.03.00,650,245,150,115,80,60,40,20,5,4,4,3,2,2,0
05/04/2019 9.04.00,675,340,200,120,90,75,55,26,5,3,2,2,1,0,0
05/04/2019 9.05.00,695,320,215,120,80,60,45,28,3,1,0,0,0,0,0
05/04/2019 9.06.00,725,410,255,135,105,85,70,41,8,2,1,0,0,0,0
05/04/2019 9.07.00,590,300,185,105,70,50,45,27,11,6,5,3,3,0,0
05/04/2019 9.08.00,570,275,170,105,65,55,50,21,10,6,4,2,2,1,0
05/04/2019 9.09.00,665,295,190,100,65,50,40,24,15,14,11,8,6,1,0
05/04/2019 9.10.00,600,285,155,75,55,55,30,17,5,3,2,1,0,0,0
05/04/2019 9.11.00,605,285,190,115,95,80,50,26,8,7,5,4,2,0,0
05/04/2019 9.12.00,715,255,140,70,45,35,20,12,7,6,3,3,2,0,0
05/04/2019 9.13.00,520,215,105,65,35,15,10,7,4,4,4,4,2,0,0
05/04/2019 9.14.00,650,335,235,135,95,85,65,40,24,21,15,8,5,1,1
05/04/2019 9.15.00,670,295,170,115,85,70,55,34,18,15,14,9,7,2,0
05/04/2019 9.16.00,605,305,200,90,60,50,35,28,16,8,6,6,4,1,1
05/04/2019 9.17.00,620,290,180,105,60,50,30,15,1,1,1,0,0,0,0
05/04/2019 9.18.00,535,225,165,85,60,55,45,26,8,6,3,1,1,0,0
05/04/2019 9.19.00,605,270,185,90,65,60,20,15,6,5,3,2,2,1,0
05/04/2019 9.20.00,580,310,165,85,60,55,25,16,9,8,7,4,3,0,0
05/04/2019 9.21.00,585,305,190,90,65,55,30,16,7,4,3,2,2,0,0
05/04/2019 9.22.00,605,290,135,85,65,60,35,16,3,3,1,1,1,0,0
05/04/2019 9.23.00,590,240,125,75,40,30,20,10,7,4,3,1,1,0,0
05/04/2019 9.24.00,700,255,160,90,50,35,5,5,2,1,1,1,1,0,0
05/04/2019 9.25.00,675,220,145,100,80,65,40,20,4,3,1,1,1,0,0
05/04/2019 9.26.00,545,265,170,95,75,60,50,23,4,2,2,0,0,0,0
05/04/2019 9.27.00,605,215,125,75,45,40,25,13,1,1,1,0,0,0,0
05/04/2019 9.28.00,575,255,135,75,75,65,40,23,6,4,1,0,0,0,0
05/04/2019 9.29.00,570,150,85,50,40,35,20,14,3,0,0,0,0,0,0
05/04/2019 9.30.00,445,160,85,65,45,35,20,11,1,0,0,0,0,0,0
05/04/2019 9.31.00,465,190,95,45,20,20,10,6,4,1,0,0,0,0,0
05/04/2019 9.32.00,550,255,155,90,60,45,35,18,4,2,2,0,0,0,0
05/04/2019 9.33.00,565,225,120,45,30,20,15,6,1,0,0,0,0,0,0
05/04/2019 9.34.00,480,235,125,65,45,30,25,13,3,1,1,1,1,0,0
05/04/2019 9.35.00,460,165,70,50,25,15,5,1,0,0,0,0,0,0,0
05/04/2019 9.36.00,435,180,110,50,40,25,10,7,1,1,1,0,0,0,0
05/04/2019 9.37.00,535,220,110,55,35,35,30,17,2,2,2,1,0,0,0
05/04/2019 9.38.00,400,130,65,25,15,10,10,4,1,0,0,0,0,0,0
05/04/2019 9.39.00,495,205,120,80,35,30,30,17,2,1,0,0,0,0,0
05/04/2019 9.40.00,435,140,80,45,45,30,20,14,2,2,1,0,0,0,0
05/04/2019 9.41.00,565,240,160,60,50,45,5,3,0,0,0,0,0,0,0
